{"noiseKey":{"private":{"type":"Buffer","data":"oDjEwxe3PT4JEw0Q+Cqt6KiuFTKGD4QErenMEPAbJGs="},"public":{"type":"Buffer","data":"xxlzmNctI36Pxy8PsxGPEAQIdGvmsUNSDyF/lWXcXEA="}},"pairingEphemeralKeyPair":{"private":{"type":"Buffer","data":"OCM+beXpyGe0elcVzH3AewLtKi9FIJ57yTWQFBwneX0="},"public":{"type":"Buffer","data":"WfrGLXuP10QnjMBcyDatAzf1gxxRnU5bQoTXdp+wTBk="}},"signedIdentityKey":{"private":{"type":"Buffer","data":"SHrBZDOPmcvKWtDFwu2zuN8noQu7uU9l9fbB+4vB82k="},"public":{"type":"Buffer","data":"0vvBQdZO1gol1MgDPbzcbbnI15vjkhLI/wEkTXrOcxg="}},"signedPreKey":{"keyPair":{"private":{"type":"Buffer","data":"QMjYey1+ssW56iRradnwWqtlGv/2g/aToG9erVNa1F0="},"public":{"type":"Buffer","data":"Ev/8Clftf6wnVYcfj3W4mtpJMrX/mZy52sNO5ibeKl4="}},"signature":{"type":"Buffer","data":"0axAYgVv+q2fBaChx34+g0rN2b7h9vkQYw9vMjBmt+vAFpSqmkGeE2pAck7VhaEETgIpB8649aPlTs65E5GRhw=="},"keyId":1},"registrationId":20,"advSecretKey":"a2/3VdTWRR+6dcEYLWypse8yjJLAUyWMdSox/ullrQ4=","processedHistoryMessages":[],"nextPreKeyId":135,"firstUnuploadedPreKeyId":135,"accountSyncCounter":0,"accountSettings":{"unarchiveChats":false},"deviceId":"KEaZ7qBjQzWQut7Q94ZCqw","phoneId":"cb1bf1a5-eb81-4401-bbfd-7c7206d83ed6","identityId":{"type":"Buffer","data":"F+0WdOgbCU4xOfd3xkPx/k0LBrY="},"registered":true,"backupToken":{"type":"Buffer","data":"bB3xN10tSqsm/HbH7M5fViUXXgg="},"registration":{},"pairingCode":"K4NVPBDZ","me":{"id":"923072380380:13@s.whatsapp.net","lid":"153661078544515:13@lid","name":"ㅤ"},"account":{"details":"CMff3YkCEIra47YGGAEgACgA","accountSignatureKey":"vKGLAvSMOVnQoZF8krOlmy4nbHgemV4uC+UKhJvdMFw=","accountSignature":"YbQw03/5epx1roy6BWDmVFkwsyluLgxCR2OA8sUCTZCB/ISfoixUYDS9IPc2La1wXgIcjK8p/WYOoGC8yJsoBw==","deviceSignature":"n2uUNzUnq3dbrr44fLbamXoGiRLwzp8ADnTqufo0R5z8dk9ZjV2FV1+QzpXEQSi5U0D1e5YR2GsRWjWm30LSiQ=="},"signalIdentities":[{"identifier":{"name":"923072380380:13@s.whatsapp.net","deviceId":0},"identifierKey":{"type":"Buffer","data":"BbyhiwL0jDlZ0KGRfJKzpZsuJ2x4HpleLgvlCoSb3TBc"}}],"platform":"android","lastAccountSyncTimestamp":1725492503,"myAppStateKeyId":"AAAAABus"}