[{"senderKeyId":1988855697,"senderChainKey":{"iteration":2,"seed":"1J8bEKSYIFeQ6L/cEeYWn0JeJKDqnWP1DNq5YFvo++4="},"senderSigningKey":{"public":"BX3YUx7lUmSJNVUU6DAb0GWUZQzyOQH+zgQE0U14IHhX"},"senderMessageKeys":[]},{"senderKeyId":850601830,"senderChainKey":{"iteration":4,"seed":"qwAC7bHmhwklLUcgRzYJvqsdU0FOUnRikDkcpDs+Kxs="},"senderSigningKey":{"public":"BTuTatNp0gEQyoEaQQnJHByMMhnO67oCuwQRAhP1RoRw"},"senderMessageKeys":[]},{"senderKeyId":1171009331,"senderChainKey":{"iteration":1,"seed":"NaugNzwh7PzL7oWaLInnc4TAR5UR3/gHuYs2afIi3Ec="},"senderSigningKey":{"public":"Bcig5CCtP+A6FJQdnJAxDWqwFhHghqL9tXOeDj9OZx8o"},"senderMessageKeys":[]}]