[{"senderKeyId":925006107,"senderChainKey":{"iteration":0,"seed":"PkkzEV+TsY4NQxvzQfARj4PQVRPk5nGdRwSNU3Cum2Y="},"senderSigningKey":{"public":"BS/tcPsDqQOJjXu2XAJaPlS1ghuSwTDk4FxLHquCWZ96"},"senderMessageKeys":[]},{"senderKeyId":925006107,"senderChainKey":{"iteration":0,"seed":"PkkzEV+TsY4NQxvzQfARj4PQVRPk5nGdRwSNU3Cum2Y="},"senderSigningKey":{"public":"BS/tcPsDqQOJjXu2XAJaPlS1ghuSwTDk4FxLHquCWZ96"},"senderMessageKeys":[]},{"senderKeyId":925006107,"senderChainKey":{"iteration":0,"seed":"PkkzEV+TsY4NQxvzQfARj4PQVRPk5nGdRwSNU3Cum2Y="},"senderSigningKey":{"public":"BS/tcPsDqQOJjXu2XAJaPlS1ghuSwTDk4FxLHquCWZ96"},"senderMessageKeys":[]},{"senderKeyId":925006107,"senderChainKey":{"iteration":0,"seed":"PkkzEV+TsY4NQxvzQfARj4PQVRPk5nGdRwSNU3Cum2Y="},"senderSigningKey":{"public":"BS/tcPsDqQOJjXu2XAJaPlS1ghuSwTDk4FxLHquCWZ96"},"senderMessageKeys":[]},{"senderKeyId":925006107,"senderChainKey":{"iteration":0,"seed":"PkkzEV+TsY4NQxvzQfARj4PQVRPk5nGdRwSNU3Cum2Y="},"senderSigningKey":{"public":"BS/tcPsDqQOJjXu2XAJaPlS1ghuSwTDk4FxLHquCWZ96"}}]