[{"senderKeyId":895802957,"senderChainKey":{"iteration":6,"seed":"873tFqBRbyl3FeNE6rWKa5oQ6NZHFm1+E35I/AXpCkU="},"senderSigningKey":{"public":"BZyiO7dcaKaciM9eL8j75bNDzE3UEplDsKYewv7qK0xD"},"senderMessageKeys":[{},{},{}]},{"senderKeyId":895802957,"senderChainKey":{"iteration":0,"seed":"XP3qwEgZWNRhy8CPqJClbHCXEw19QlnqIDXjd+75ctQ="},"senderSigningKey":{"public":"BZyiO7dcaKaciM9eL8j75bNDzE3UEplDsKYewv7qK0xD"},"senderMessageKeys":[]},{"senderKeyId":895802957,"senderChainKey":{"iteration":0,"seed":"XP3qwEgZWNRhy8CPqJClbHCXEw19QlnqIDXjd+75ctQ="},"senderSigningKey":{"public":"BZyiO7dcaKaciM9eL8j75bNDzE3UEplDsKYewv7qK0xD"},"senderMessageKeys":[]},{"senderKeyId":895802957,"senderChainKey":{"iteration":0,"seed":"XP3qwEgZWNRhy8CPqJClbHCXEw19QlnqIDXjd+75ctQ="},"senderSigningKey":{"public":"BZyiO7dcaKaciM9eL8j75bNDzE3UEplDsKYewv7qK0xD"},"senderMessageKeys":[]},{"senderKeyId":895802957,"senderChainKey":{"iteration":3,"seed":"IGHGJCB7f6UBnRbxSL1zN65WifdcsYr0O90jXxqwQ+U="},"senderSigningKey":{"public":"BZyiO7dcaKaciM9eL8j75bNDzE3UEplDsKYewv7qK0xD"},"senderMessageKeys":[]}]