[{"senderKeyId":1032780144,"senderChainKey":{"iteration":6,"seed":"80kuFAuoWKYY/KWh1I3xoIxEr9MMS0XglOclbM1qlDE="},"senderSigningKey":{"public":"BXhOgu5splkvoZ7R69mtlLuEC7BfiqL0VZMulmf2FWEY"},"senderMessageKeys":[]},{"senderKeyId":1032780144,"senderChainKey":{"iteration":6,"seed":"80kuFAuoWKYY/KWh1I3xoIxEr9MMS0XglOclbM1qlDE="},"senderSigningKey":{"public":"BXhOgu5splkvoZ7R69mtlLuEC7BfiqL0VZMulmf2FWEY"},"senderMessageKeys":[]},{"senderKeyId":1032780144,"senderChainKey":{"iteration":6,"seed":"80kuFAuoWKYY/KWh1I3xoIxEr9MMS0XglOclbM1qlDE="},"senderSigningKey":{"public":"BXhOgu5splkvoZ7R69mtlLuEC7BfiqL0VZMulmf2FWEY"},"senderMessageKeys":[]},{"senderKeyId":1032780144,"senderChainKey":{"iteration":6,"seed":"80kuFAuoWKYY/KWh1I3xoIxEr9MMS0XglOclbM1qlDE="},"senderSigningKey":{"public":"BXhOgu5splkvoZ7R69mtlLuEC7BfiqL0VZMulmf2FWEY"},"senderMessageKeys":[]},{"senderKeyId":1032780144,"senderChainKey":{"iteration":6,"seed":"80kuFAuoWKYY/KWh1I3xoIxEr9MMS0XglOclbM1qlDE="},"senderSigningKey":{"public":"BXhOgu5splkvoZ7R69mtlLuEC7BfiqL0VZMulmf2FWEY"}}]