[{"senderKeyId":913986708,"senderChainKey":{"iteration":2,"seed":"95iM5TOJZgFHgZMM7O7rmtSGt6i2fGDU7+SwBCa5LLE="},"senderSigningKey":{"public":"BbtdgsusYgED8W0kmSJp9ymUx6odZ9+c/9SVqvAqBOZS"},"senderMessageKeys":[]},{"senderKeyId":913986708,"senderChainKey":{"iteration":2,"seed":"95iM5TOJZgFHgZMM7O7rmtSGt6i2fGDU7+SwBCa5LLE="},"senderSigningKey":{"public":"BbtdgsusYgED8W0kmSJp9ymUx6odZ9+c/9SVqvAqBOZS"},"senderMessageKeys":[]},{"senderKeyId":913986708,"senderChainKey":{"iteration":2,"seed":"95iM5TOJZgFHgZMM7O7rmtSGt6i2fGDU7+SwBCa5LLE="},"senderSigningKey":{"public":"BbtdgsusYgED8W0kmSJp9ymUx6odZ9+c/9SVqvAqBOZS"},"senderMessageKeys":[]},{"senderKeyId":913986708,"senderChainKey":{"iteration":2,"seed":"95iM5TOJZgFHgZMM7O7rmtSGt6i2fGDU7+SwBCa5LLE="},"senderSigningKey":{"public":"BbtdgsusYgED8W0kmSJp9ymUx6odZ9+c/9SVqvAqBOZS"},"senderMessageKeys":[]},{"senderKeyId":913986708,"senderChainKey":{"iteration":2,"seed":"95iM5TOJZgFHgZMM7O7rmtSGt6i2fGDU7+SwBCa5LLE="},"senderSigningKey":{"public":"BbtdgsusYgED8W0kmSJp9ymUx6odZ9+c/9SVqvAqBOZS"}}]