[{"senderKeyId":1533820368,"senderChainKey":{"iteration":76,"seed":"3wfPINEMyock+yuX+SNm0P1Sq4QGV/jb/QPMdKjwInE="},"senderSigningKey":{"public":"BfkBl0O76zjsLAOEz38+q1YvnOJfDfLlj1+nPeeuTzkV"},"senderMessageKeys":[]},{"senderKeyId":1533820368,"senderChainKey":{"iteration":76,"seed":"3wfPINEMyock+yuX+SNm0P1Sq4QGV/jb/QPMdKjwInE="},"senderSigningKey":{"public":"BfkBl0O76zjsLAOEz38+q1YvnOJfDfLlj1+nPeeuTzkV"},"senderMessageKeys":[]},{"senderKeyId":1533820368,"senderChainKey":{"iteration":76,"seed":"3wfPINEMyock+yuX+SNm0P1Sq4QGV/jb/QPMdKjwInE="},"senderSigningKey":{"public":"BfkBl0O76zjsLAOEz38+q1YvnOJfDfLlj1+nPeeuTzkV"},"senderMessageKeys":[]},{"senderKeyId":1533820368,"senderChainKey":{"iteration":76,"seed":"3wfPINEMyock+yuX+SNm0P1Sq4QGV/jb/QPMdKjwInE="},"senderSigningKey":{"public":"BfkBl0O76zjsLAOEz38+q1YvnOJfDfLlj1+nPeeuTzkV"},"senderMessageKeys":[]},{"senderKeyId":1533820368,"senderChainKey":{"iteration":76,"seed":"3wfPINEMyock+yuX+SNm0P1Sq4QGV/jb/QPMdKjwInE="},"senderSigningKey":{"public":"BfkBl0O76zjsLAOEz38+q1YvnOJfDfLlj1+nPeeuTzkV"}}]