[{"senderKeyId":894656004,"senderChainKey":{"iteration":16,"seed":"Vg7B+RRh1YhWtUI3rGynMIIf1hMHf1P8YldiNdRlmEw="},"senderSigningKey":{"public":"BXyLCiw66sw4t4qyHXDZtv3GxlwAvM8/SqOgsJSUUmUZ"},"senderMessageKeys":[]},{"senderKeyId":894656004,"senderChainKey":{"iteration":1,"seed":"UnJk0f92IeemChfwYhW9HTlBXbDxKO4Ke3TyIC3MX/s="},"senderSigningKey":{"public":"BXyLCiw66sw4t4qyHXDZtv3GxlwAvM8/SqOgsJSUUmUZ"},"senderMessageKeys":[]},{"senderKeyId":894656004,"senderChainKey":{"iteration":2,"seed":"1RKcadoPfk0E4eGkDOTjC8svfW1YSz7MkNykaXIgmhA="},"senderSigningKey":{"public":"BXyLCiw66sw4t4qyHXDZtv3GxlwAvM8/SqOgsJSUUmUZ"},"senderMessageKeys":[]}]