{"_sessions":{"Be2k6GJ4LF9wMnO9sknwKpj5zUXCsKI3HNt9jsxytB5g":{"registrationId":130,"currentRatchet":{"ephemeralKeyPair":{"pubKey":"BUXJSX+dJ3nAfanQ/Tl9l3p89opFbIl/tJ8d/mhtMqNh","privKey":"mK2RZcYd1xKVDe7Mxn3klzql0HnSHXDR6vnIqay9ZWY="},"lastRemoteEphemeralKey":"BfprVzq4nikygfZzKMo8S+s/SBMo77vcQFOcODSveqRC","previousCounter":0,"rootKey":"VlEBWnNGHWi+KJmKvxpjevv8CIupArtTxcfQj77Oh/8="},"indexInfo":{"baseKey":"Be2k6GJ4LF9wMnO9sknwKpj5zUXCsKI3HNt9jsxytB5g","baseKeyType":1,"closed":-1,"used":1725690289377,"created":1725690289377,"remoteIdentityKey":"BcAL/jRRa0q4tdIuumiHpMPuQV0Hd0P9VwHIHvdTw0tt"},"_chains":{"BUXJSX+dJ3nAfanQ/Tl9l3p89opFbIl/tJ8d/mhtMqNh":{"chainKey":{"counter":4,"key":"55O5SaHXPvIECxvfKfCVMKgGi/vExGNlrNWx7bX+gZI="},"chainType":1,"messageKeys":{}}},"pendingPreKey":{"signedKeyId":1,"baseKey":"Be2k6GJ4LF9wMnO9sknwKpj5zUXCsKI3HNt9jsxytB5g"}}},"version":"v1"}