{"_sessions":{"BS5YMAuF9OltDlRz7z9SDR2JAZLsw2sFxgaF1FiJFSIr":{"registrationId":247,"currentRatchet":{"ephemeralKeyPair":{"pubKey":"BePLpkrKyMrf71r31B2VbVUBZyk59vqSoNqMMv2u+YBn","privKey":"IMXQs/4oZEj3Tb4RVuVYnfuEJi2rQ04sKKUcPALZ5lA="},"lastRemoteEphemeralKey":"BaYwvGHh+Yxzawe659998busr5f5ykyYq6r4R9eJ38Qg","previousCounter":0,"rootKey":"Al85kA2MEUh+k8D4ZXdl7QpBJMnpmwhaaQZdJ+inavU="},"indexInfo":{"baseKey":"BS5YMAuF9OltDlRz7z9SDR2JAZLsw2sFxgaF1FiJFSIr","baseKeyType":1,"closed":-1,"used":1725690289354,"created":1725690289354,"remoteIdentityKey":"BcgWV7fJtMMG/blKadSz15QIe8ui/HLQOcrW9n/Y4Xtf"},"_chains":{"BePLpkrKyMrf71r31B2VbVUBZyk59vqSoNqMMv2u+YBn":{"chainKey":{"counter":4,"key":"juOyFrTPZ5otzDUCVlm0W3fUvbJRKo2BkQK59WMTEoc="},"chainType":1,"messageKeys":{}}},"pendingPreKey":{"signedKeyId":1,"baseKey":"BS5YMAuF9OltDlRz7z9SDR2JAZLsw2sFxgaF1FiJFSIr","preKeyId":53}}},"version":"v1"}