{"_sessions":{"BfJDyXfykAZ0pylD3AXn7AYYhKD8Zh78JHVLOv/vIrQ8":{"registrationId":414172857,"currentRatchet":{"ephemeralKeyPair":{"pubKey":"BRkuUehw7liBFZZdUaHB4tMF6WKF1sxRIeaEdI1T1lUe","privKey":"mPu2Kr89lRWkn1ptoa0aru5pVs/2qjmlXK/93lTtGnQ="},"lastRemoteEphemeralKey":"BQ1mr90m57gjIPT5lvFOY2O57bcsHJ00Oi0LNz9Ygn9m","previousCounter":0,"rootKey":"u/nZp6kXYxyTmjiP/xQMJa3Be5owUIE1rpUj5xBeqc8="},"indexInfo":{"baseKey":"BfJDyXfykAZ0pylD3AXn7AYYhKD8Zh78JHVLOv/vIrQ8","baseKeyType":1,"closed":-1,"used":1725690289404,"created":1725690289404,"remoteIdentityKey":"BWWpVey1zfdfzzPexRZg/SLpEB5mutJ9I4+nhvRuyz8u"},"_chains":{"BRkuUehw7liBFZZdUaHB4tMF6WKF1sxRIeaEdI1T1lUe":{"chainKey":{"counter":4,"key":"VcorU7yibA2FHrfspmaagi7QwgO5zfDPOIvdfJJF6DM="},"chainType":1,"messageKeys":{}}},"pendingPreKey":{"signedKeyId":0,"baseKey":"BfJDyXfykAZ0pylD3AXn7AYYhKD8Zh78JHVLOv/vIrQ8","preKeyId":3349427}}},"version":"v1"}