{"_sessions":{"BeCNyW4fBQkOZMQUF79gpxb0tGHqstBpyAMauPsGZa9O":{"registrationId":3419,"currentRatchet":{"ephemeralKeyPair":{"pubKey":"BdPF6FeDAz/b7swbN4em4igPY8e18db9t+/97r8Dzwx1","privKey":"oGPsYMI4vEP+g/szO+xxyhDZqyV5zYy9mJMphhbwpE8="},"lastRemoteEphemeralKey":"BdLeHMLTCapTR7TCo3ZTMdA9Ovi31mLDx/49iAmxypFG","previousCounter":0,"rootKey":"/i8CnBorqSAxNuJBWewp1LKI15iGavZ45IxqZ/cTDc0="},"indexInfo":{"baseKey":"BeCNyW4fBQkOZMQUF79gpxb0tGHqstBpyAMauPsGZa9O","baseKeyType":1,"closed":1725712736306,"used":1725708108445,"created":1725688057091,"remoteIdentityKey":"Bb0W/1eCYoy8q+f01sWCULn1GCGIqfyN4lE73iPUCecI"},"_chains":{"BaCnKrCazNQsZH/TUVFuto/udH3FfCR8n2zoT0o03oAx":{"chainKey":{"counter":0},"chainType":2,"messageKeys":{}},"BULkIYmBH0eQ+jjIDVZ/Oo2V0lTsgqQEyqw4i97igIpW":{"chainKey":{"counter":4},"chainType":2,"messageKeys":{}},"BSshqTXO5znWmN/mszGBEYR3QEiVh5NYwSjjPxxIXuZr":{"chainKey":{"counter":16},"chainType":2,"messageKeys":{"1":"Kv0R9iLBnMJ/KTnuq+hlcU3XcsOqbFhR1Cf4Ak8oKOk=","2":"aJ5ZLDlXQAmuRG8j+MtyvxSXIYw+Tq9iWdo8rirhQuA="}},"BRxmDku8XwWJV48LwxvmrmiiMw2fcDRMfIV6FZ9M+ehM":{"chainKey":{"counter":0},"chainType":2,"messageKeys":{}},"BZiNnZDR25KnYCLGmlmgiWg+iDCd4d16PZtkzJmD58IF":{"chainKey":{"counter":0},"chainType":2,"messageKeys":{}},"BUYEB0nhaMJ18S8UwAZo3UCDz1K3TsKN2R3a7/9mHaVl":{"chainKey":{"counter":0},"chainType":2,"messageKeys":{}},"Bb08hsFVpjqcBJiv2YlSymY4NDFq9LFnm+c4hq3R+bRy":{"chainKey":{"counter":0},"chainType":2,"messageKeys":{}},"BVVhHMRx0O/rLRnboPC8TlvH6QNXvWBtLIMJnVzOvC8T":{"chainKey":{"counter":0},"chainType":2,"messageKeys":{}},"BW2Ux0iwRD5S1Bdgyf4J9ICnlJ0n+I30BYy1Gk7ifds/":{"chainKey":{"counter":0},"chainType":2,"messageKeys":{}},"BXmjNqNu+YUyyfAjN5v/+W0cSXNejo6Vt+jKeQKqpSoW":{"chainKey":{"counter":4},"chainType":2,"messageKeys":{"2":"v9IBXXHjMN5SVVs0IX7kxJswmDwBK91m5og4votiTiw=","3":"uoRZZbxm33bhGPcsry5WeglbDMMwhFX57cNwLhL+6zE=","4":"duUwRpV+6FcEboe8vBNtYFg1KX66GGBf4L8LZa9e1BE="}},"BRM19B4DIjzXyCsz1rNhNc5s6Gsz+KzC4xLgdlR6VNwl":{"chainKey":{"counter":1},"chainType":2,"messageKeys":{}},"BTPAgzx/TQGfsGLGOvLdEY2vzJngP8gjZRW8CJpT7k9I":{"chainKey":{"counter":0},"chainType":2,"messageKeys":{}},"BYUuDnnLQKrNNEiO2xQnffWPdNmHuH5Y/Uzkdl2/OZNh":{"chainKey":{"counter":0},"chainType":2,"messageKeys":{}},"BfOVJgTBZJRYQdaIh0kA+qXu2EjKFQ7hZmnN3L/RsVQJ":{"chainKey":{"counter":0},"chainType":2,"messageKeys":{}},"BeK3zcaK66PV4i1acPsjXb0vyh1MbK+xOUXZt1QXlYRA":{"chainKey":{"counter":1},"chainType":2,"messageKeys":{}},"BdLeHMLTCapTR7TCo3ZTMdA9Ovi31mLDx/49iAmxypFG":{"chainKey":{"counter":0,"key":"T5LLzOsAIu40FhfPEl5wZXw3b0aHjaH44dH5aey2pDw="},"chainType":2,"messageKeys":{}},"BdPF6FeDAz/b7swbN4em4igPY8e18db9t+/97r8Dzwx1":{"chainKey":{"counter":1,"key":"FZL//2jcrSp7NYiYPEwUIMacA2pPp0Db5btw6S7a2So="},"chainType":1,"messageKeys":{}}}},"BWO7fsb4gmGe25wwhwFj5UpEn91c4avkX6rftlifkQMF":{"registrationId":3419,"currentRatchet":{"ephemeralKeyPair":{"pubKey":"BVP0JuuJBGDKv3Vve0487rQHX/OrmTq4BBRqm1XrmWlm","privKey":"EMm/Uqr8wvERtXnM3BPdT6FsQOZmrEsyz5E8Hc/+910="},"lastRemoteEphemeralKey":"BUvoh4d/YDf1tLldQqccy3NHiFNGFljzGlqhXIZiHWFs","previousCounter":2,"rootKey":"VOiPNaruIT7LyR8pLVZ8Xn0VZLOMT2Q7TPJ0JvGaBfo="},"indexInfo":{"baseKey":"BWO7fsb4gmGe25wwhwFj5UpEn91c4avkX6rftlifkQMF","baseKeyType":1,"closed":-1,"used":1725713325382,"created":1725712736304,"remoteIdentityKey":"Bb0W/1eCYoy8q+f01sWCULn1GCGIqfyN4lE73iPUCecI"},"_chains":{"BdG3FNOrXFmfxHCZ4wWP/wKxDiqlmASipI/z1GDBoe8Q":{"chainKey":{"counter":0},"chainType":2,"messageKeys":{}},"BUvoh4d/YDf1tLldQqccy3NHiFNGFljzGlqhXIZiHWFs":{"chainKey":{"counter":0,"key":"YMKMkpmr0+tfwVW/sp02l2tCiIK+xWyYqjeyPJudmkc="},"chainType":2,"messageKeys":{}},"BVP0JuuJBGDKv3Vve0487rQHX/OrmTq4BBRqm1XrmWlm":{"chainKey":{"counter":9,"key":"dfKeI5fFA+IulxxMnwFaFyTAB2YlWjXM7LQ5RC/oSzQ="},"chainType":1,"messageKeys":{}}}}},"version":"v1"}