{"_sessions":{"BVMKlcxbmmorpwkKb8/N4Kbnl1Q3rCqugwpISIf86stq":{"registrationId":71,"currentRatchet":{"ephemeralKeyPair":{"pubKey":"BRdOarZKLEHG+yxS5M9rEdNAidrNK0Az/ROPHy795mxz","privKey":"qOG4aB/sXcxyXz6VKVQuQkKl9JF22WxN1hiStzock3s="},"lastRemoteEphemeralKey":"BVcK+5j/GGfo5l+vcbKN5Dj3fII9xrMRX9YO+0QZlKd2","previousCounter":0,"rootKey":"qYFryWBeVyhR/dRlutOHh1wvWM7/KCp22+9ULjg6wjM="},"indexInfo":{"baseKey":"BVMKlcxbmmorpwkKb8/N4Kbnl1Q3rCqugwpISIf86stq","baseKeyType":1,"closed":-1,"used":1725690289362,"created":1725690289362,"remoteIdentityKey":"Bb5ruu9biBNUHDDOSEWgUEor1a9WKOaCcJTCJHqMM9lU"},"_chains":{"BRdOarZKLEHG+yxS5M9rEdNAidrNK0Az/ROPHy795mxz":{"chainKey":{"counter":4,"key":"LgxC/11VKAyNzvx6DiuU14NCk1vivPGpxMH+Vl11Jdc="},"chainType":1,"messageKeys":{}}},"pendingPreKey":{"signedKeyId":1,"baseKey":"BVMKlcxbmmorpwkKb8/N4Kbnl1Q3rCqugwpISIf86stq"}}},"version":"v1"}