{"_sessions":{"BXj+IJoJKudzKW4ZuXMO8EI5MKS1OtJGHS3YRcq0Qvpw":{"registrationId":15399,"currentRatchet":{"ephemeralKeyPair":{"pubKey":"BZ/BazzWBdoPP49OZaTu8PzDjy7RYBHtfTVy4SJP0xBN","privKey":"0NqgJ+BiAMkiwKlbZA2ojb3Kk1uEX6hQdePLxL27jkE="},"lastRemoteEphemeralKey":"BYpmZVaUOQrdrEskPvTamdaui9Iu8nEjwiWGcSSPv7sH","previousCounter":0,"rootKey":"s3+592v+qqIN15V7PzVc7DSDmZnf49rf67En3pj1/lc="},"indexInfo":{"baseKey":"BXj+IJoJKudzKW4ZuXMO8EI5MKS1OtJGHS3YRcq0Qvpw","baseKeyType":1,"closed":-1,"used":1725690289349,"created":1725690289349,"remoteIdentityKey":"BbnAMBnO46Jokk1SIzBDmMONQn13E3y0Vay+GzcMM+Ye"},"_chains":{"BZ/BazzWBdoPP49OZaTu8PzDjy7RYBHtfTVy4SJP0xBN":{"chainKey":{"counter":4,"key":"eIwkRC8OI5XXhnAC2ISOljwk9sFHi2AKKPaY+8rKHsY="},"chainType":1,"messageKeys":{}}},"pendingPreKey":{"signedKeyId":1,"baseKey":"BXj+IJoJKudzKW4ZuXMO8EI5MKS1OtJGHS3YRcq0Qvpw"}}},"version":"v1"}