{"_sessions":{"BaAS2OXe9D6Qn2sw8roEhy4W3w01BZpEvHc5f60IPkkt":{"registrationId":214,"currentRatchet":{"ephemeralKeyPair":{"pubKey":"BRIfHGQxdFenmOGUJ3nv1Ei/FBv2Ey2LoBgY4KR3s8c3","privKey":"KEGuZtDyRF/VICOSt8iBM/3nVufcu06wvMhIE55LVHA="},"lastRemoteEphemeralKey":"BagIuAdUZ+LCzdRUNu2ceehTUpvZbNxCGk3/AQPQD0FH","previousCounter":0,"rootKey":"fnMuqketiwuxG4yhB2rb6Ovu+X2Nl2N9nO8XMeI+XnE="},"indexInfo":{"baseKey":"BaAS2OXe9D6Qn2sw8roEhy4W3w01BZpEvHc5f60IPkkt","baseKeyType":1,"closed":-1,"used":1725690289327,"created":1725690289327,"remoteIdentityKey":"BU6KQHsAmcQ5qf64rwmApNe08G/u0a1vZnBNtZVy5ZIw"},"_chains":{"BRIfHGQxdFenmOGUJ3nv1Ei/FBv2Ey2LoBgY4KR3s8c3":{"chainKey":{"counter":4,"key":"daA89R1TYwlYkG1GO5eyzp3VALgwPIIEqYJqbsAd4kk="},"chainType":1,"messageKeys":{}}},"pendingPreKey":{"signedKeyId":1,"baseKey":"BaAS2OXe9D6Qn2sw8roEhy4W3w01BZpEvHc5f60IPkkt"}}},"version":"v1"}