{"_sessions":{"BZYpioIJNsNdYW86MWCECL4s5sJxUlaHa5kaNcQvrF1L":{"registrationId":1802204533,"currentRatchet":{"ephemeralKeyPair":{"pubKey":"BV0FUW3pWVS/3JONxHGgTc7M+aztRVN4Akuf6kNfeLdM","privKey":"OEJKiUzMy1/pZB4lUDKD+xEPph70yZVdochzYwLY1Fk="},"lastRemoteEphemeralKey":"Bc8/nAg5kgzKcwMwiEdCm4bHmJHhhOyoCsmRQt0NsuF3","previousCounter":0,"rootKey":"qtghh2urZfi8p3Gvt3zdCrEIgCGmTjSRBw/+nwkb1K4="},"indexInfo":{"baseKey":"BZYpioIJNsNdYW86MWCECL4s5sJxUlaHa5kaNcQvrF1L","baseKeyType":1,"closed":-1,"used":1725690289424,"created":1725690289424,"remoteIdentityKey":"BeYwyF/lB8Wli1nYJmaz7agQ9TkonxE3mOuy2vKi+loG"},"_chains":{"BV0FUW3pWVS/3JONxHGgTc7M+aztRVN4Akuf6kNfeLdM":{"chainKey":{"counter":4,"key":"8uNT4y/kJGclCLmEpPe7yh5SwxDnxZDm3AC933oNd5A="},"chainType":1,"messageKeys":{}}},"pendingPreKey":{"signedKeyId":0,"baseKey":"BZYpioIJNsNdYW86MWCECL4s5sJxUlaHa5kaNcQvrF1L","preKeyId":10119581}}},"version":"v1"}