{"_sessions":{"BdTNnBgUeTQ74WyvVLcypXJ2avZmb7yi+ug9BfavaF0c":{"registrationId":1030549520,"currentRatchet":{"ephemeralKeyPair":{"pubKey":"BQO+sGlRGbgkORiDzl76aJbfu7PYw6hhSCYq4Fep/xlH","privKey":"GLvaBnMDasiyjW5wg9N1LvBM5rE7aoi9/luUeTVxong="},"lastRemoteEphemeralKey":"Bcr7arHBcdo45iW7UYDEIXLlJ4hvyWQMuW21+FHdC890","previousCounter":4,"rootKey":"W22S6zf2khGONxf4/HP5klYLhsZHgPui+whxxMiC+fI="},"indexInfo":{"baseKey":"BdTNnBgUeTQ74WyvVLcypXJ2avZmb7yi+ug9BfavaF0c","baseKeyType":1,"closed":-1,"used":1725707848945,"created":1725690289427,"remoteIdentityKey":"BZLniMnc+1jKknVKTq9xfJEnK1Ilw6V8PRK0TSq0ROkL"},"_chains":{"Bcr7arHBcdo45iW7UYDEIXLlJ4hvyWQMuW21+FHdC890":{"chainKey":{"counter":0,"key":"IuHG6tGvI4h0XMLUjgN2j5HY47wCWbgHxJ3UiFN4AwI="},"chainType":2,"messageKeys":{}},"BQO+sGlRGbgkORiDzl76aJbfu7PYw6hhSCYq4Fep/xlH":{"chainKey":{"counter":-1,"key":"/n7x6lfljG7egD5OCISOvFLcYE8pDZPWvjSyBgXcY8o="},"chainType":1,"messageKeys":{}}}}},"version":"v1"}