{"_sessions":{"BWYBaUCspvl+0Fbq4TLbu66Dmo5iLhY1nt9lKMolJhhc":{"registrationId":1,"currentRatchet":{"ephemeralKeyPair":{"pubKey":"BY5euun4/Ycn2D2iKdUnCH/p5AOFaIyw+7tTGdD9zxxR","privKey":"4MaB9bizmZewNs1i6YLB+u/Qm5MmUTHtdfjLCnYuTFc="},"lastRemoteEphemeralKey":"Ba3A66GEUvwU7aaRu9HxyzDnrxLHsDZkKj92q/hHvjxo","previousCounter":0,"rootKey":"oIEkrRAOR9sf/sjS0S+oHjP3QtrngOG496U+pal/7Tk="},"indexInfo":{"baseKey":"BWYBaUCspvl+0Fbq4TLbu66Dmo5iLhY1nt9lKMolJhhc","baseKeyType":1,"closed":-1,"used":1725690289318,"created":1725690289318,"remoteIdentityKey":"BU9O4LH9aNCOtdHKjrXolGa2X+Ix7cb084QgyrYD7JMD"},"_chains":{"BY5euun4/Ycn2D2iKdUnCH/p5AOFaIyw+7tTGdD9zxxR":{"chainKey":{"counter":4,"key":"UyMoHfpdTFXjon4s74E3JIyh4ISbjmnidhu0DzZcrUo="},"chainType":1,"messageKeys":{}}},"pendingPreKey":{"signedKeyId":1,"baseKey":"BWYBaUCspvl+0Fbq4TLbu66Dmo5iLhY1nt9lKMolJhhc"}}},"version":"v1"}