{"_sessions":{"BdoLanjRgUR1LMdxZEjMwAufUsMRdCBHalGGyAGl1bAY":{"registrationId":40,"currentRatchet":{"ephemeralKeyPair":{"pubKey":"BbVpNySPctASdE6PKhkqo+QEMOD5ODuDXfvJ8Ot/v9Nx","privKey":"wAh7cWcc0MmGKWg83/ahcGuEvUGDQ8NxfxpNGfRi4VI="},"lastRemoteEphemeralKey":"BZTfdErN4DL/9OEs1pXeRCY7WbMeNbHksr6c+2GYXNc8","previousCounter":0,"rootKey":"Fa4vrT6Ha46v3MBmPsY3KdwLEfaZkWdEW0hTsJQ+yzo="},"indexInfo":{"baseKey":"BdoLanjRgUR1LMdxZEjMwAufUsMRdCBHalGGyAGl1bAY","baseKeyType":1,"closed":-1,"used":1725690289380,"created":1725690289380,"remoteIdentityKey":"BSsa4bh8YfqcnbzirxCp5gka7empCTP3KXuqRThJAmV4"},"_chains":{"BbVpNySPctASdE6PKhkqo+QEMOD5ODuDXfvJ8Ot/v9Nx":{"chainKey":{"counter":4,"key":"4k8vK+CBgqNPx7jnkPjGc2URmi3R0lW5UHlQcPNcqOE="},"chainType":1,"messageKeys":{}}},"pendingPreKey":{"signedKeyId":1,"baseKey":"BdoLanjRgUR1LMdxZEjMwAufUsMRdCBHalGGyAGl1bAY"}}},"version":"v1"}