{"_sessions":{"BQQa+3fz1nadtAT7Sh1Pak8zGBNgIo03ubJKpvN254MT":{"registrationId":117,"currentRatchet":{"ephemeralKeyPair":{"pubKey":"BZmdZ6XhuD6Q+vdPeI79iH26c/Lai6jJJJvEJml/modU","privKey":"CM/uAAQ3TAdk4ikfrWDaVwsy3x/XyUs/CwRBKONyNHQ="},"lastRemoteEphemeralKey":"BRSpX4XltB+YLU+IWdcM4ZB89MkXDwXm0wEgbOHgnrZT","previousCounter":0,"rootKey":"GYMeB4iUJ2qMCVwpAwhx+/LgFVsvpm2qJYguP0uNcEY="},"indexInfo":{"baseKey":"BQQa+3fz1nadtAT7Sh1Pak8zGBNgIo03ubJKpvN254MT","baseKeyType":1,"closed":1725707977189,"used":1725707977150,"created":1725707977150,"remoteIdentityKey":"BTNn2/UA5gqVCemilVxrvJIemUzVocgRNy/QLv4ZTtcQ"},"_chains":{"BZmdZ6XhuD6Q+vdPeI79iH26c/Lai6jJJJvEJml/modU":{"chainKey":{"counter":0,"key":"u0RfG57skOS3V9dBTXd+3+pDAJ/0LLbzRGhS4N0DTlU="},"chainType":1,"messageKeys":{}}},"pendingPreKey":{"signedKeyId":1,"baseKey":"BQQa+3fz1nadtAT7Sh1Pak8zGBNgIo03ubJKpvN254MT"}},"BUzDjIvpCv9M0s4XuMFEoXrOjGwHfvl0KqLzx+WUEB4k":{"registrationId":117,"currentRatchet":{"ephemeralKeyPair":{"pubKey":"BWio8mttVVYURhgIFI6kqBmnx3YPgrBNK+TT1CipL/1n","privKey":"qPDS6p3ixSzeE+HHUcdl/L/tYFNV9iU/jDCilMGwiHU="},"lastRemoteEphemeralKey":"BRSpX4XltB+YLU+IWdcM4ZB89MkXDwXm0wEgbOHgnrZT","previousCounter":0,"rootKey":"EwLosw8j8vSaoUCdQl3ly0kDMhlIhvRMCu1Gzc62U0Q="},"indexInfo":{"baseKey":"BUzDjIvpCv9M0s4XuMFEoXrOjGwHfvl0KqLzx+WUEB4k","baseKeyType":1,"closed":-1,"used":1725707977184,"created":1725707977184,"remoteIdentityKey":"BTNn2/UA5gqVCemilVxrvJIemUzVocgRNy/QLv4ZTtcQ"},"_chains":{"BWio8mttVVYURhgIFI6kqBmnx3YPgrBNK+TT1CipL/1n":{"chainKey":{"counter":5,"key":"ppbVQz7yAbBEARnJu2olH3mbyPoc+ZPREd25epkBmvM="},"chainType":1,"messageKeys":{}}},"pendingPreKey":{"signedKeyId":1,"baseKey":"BUzDjIvpCv9M0s4XuMFEoXrOjGwHfvl0KqLzx+WUEB4k"}}},"version":"v1"}