{"_sessions":{"BVuC5oecsFBaRAAbp9ZS3P4n8QVs+VkOUW2n9f04efNf":{"registrationId":154415643,"currentRatchet":{"ephemeralKeyPair":{"pubKey":"BRLwVgs/y6tli7LT9eVkxE55cCHN+K9cMqVxAToNBFZO","privKey":"iN7o8ZCh1IRHqr8GdSHC0OwNp5jn+tC5O5BWUkgPh1w="},"lastRemoteEphemeralKey":"BSNdvcMRBAf9n8mHQQZ81gMFt6nLWViWdhpUXc+nVHd+","previousCounter":4,"rootKey":"0pB8OnKCuH69VHigr/UpSBjDMjTsvK9iN3NaAUV7Gdo="},"indexInfo":{"baseKey":"BVuC5oecsFBaRAAbp9ZS3P4n8QVs+VkOUW2n9f04efNf","baseKeyType":1,"closed":-1,"used":1725707848264,"created":1725690289392,"remoteIdentityKey":"BcK3H7szlAggFgqxWqEJkVphHj/QqL3aW734RJXvkzsx"},"_chains":{"BSNdvcMRBAf9n8mHQQZ81gMFt6nLWViWdhpUXc+nVHd+":{"chainKey":{"counter":0,"key":"wOS3BZL9uakKwEZb37W2zZqkbakAk/ZJc3+ztiv6wH8="},"chainType":2,"messageKeys":{}},"BRLwVgs/y6tli7LT9eVkxE55cCHN+K9cMqVxAToNBFZO":{"chainKey":{"counter":-1,"key":"WO8Zxmhsvnnp3pEmRhOflHzMR6Avyb49APVZRq/+LIg="},"chainType":1,"messageKeys":{}}}}},"version":"v1"}