{"_sessions":{"BQ8mGagJl4ODJSWkaFslKVwW2HYRw28tqfkqyrR4ry0U":{"registrationId":158,"currentRatchet":{"ephemeralKeyPair":{"pubKey":"BWWqnBYV9LOHJFP7+zt7fuWpnnNz6XPxq7QaNmnni+o8","privKey":"6EZlJY5opCxBB0dLa0IaUXsKNIwKzARLn9i7zexSulU="},"lastRemoteEphemeralKey":"BSptAbDyKw93U19zLf4xw0S9s7JmueZ/tT6bs/9fN0RJ","previousCounter":0,"rootKey":"tzTA0CSfgVHXiMWsHlzRem8BcvD5XsNbDI4c2R3wPVQ="},"indexInfo":{"baseKey":"BQ8mGagJl4ODJSWkaFslKVwW2HYRw28tqfkqyrR4ry0U","baseKeyType":2,"closed":-1,"used":1725707845540,"created":1725707845540,"remoteIdentityKey":"BV+4GkWycAV+JkKdV77JMQmD8PZH9PHMxvikjZZpi5kM"},"_chains":{"BSptAbDyKw93U19zLf4xw0S9s7JmueZ/tT6bs/9fN0RJ":{"chainKey":{"counter":15,"key":"A7FuzSk6LvAravVVfRlzuGZduccayn3SqIlMtzxkx+E="},"chainType":2,"messageKeys":{}},"BWWqnBYV9LOHJFP7+zt7fuWpnnNz6XPxq7QaNmnni+o8":{"chainKey":{"counter":-1,"key":"750rO7FlzKx5tA5p3Eg6+5dcLWJVMfWu1jaLv9HIsUM="},"chainType":1,"messageKeys":{}}}}},"version":"v1"}