{"_sessions":{"BQu6wYYX0dFJjceHS6slsY0qI4PEOG5HQ7Nm8+1V1wA8":{"registrationId":38,"currentRatchet":{"ephemeralKeyPair":{"pubKey":"BW6/y0LTAPKd7fJQOeZH+4E+/hZJgI7AHkFVB5pj+pIK","privKey":"aLOaGgPSwqDeQhiMDyEqhQGTrIUYoB2LqyeONuzPWng="},"lastRemoteEphemeralKey":"BXlbHR7SeuJQilapGq8tdRsO2SKT8kdSbJNPnSDTXKEf","previousCounter":0,"rootKey":"XSvJhAucv4VPtMh5WL1sqIJ64fU+ui3bbmfXJIbSKCQ="},"indexInfo":{"baseKey":"BQu6wYYX0dFJjceHS6slsY0qI4PEOG5HQ7Nm8+1V1wA8","baseKeyType":1,"closed":-1,"used":1725690289344,"created":1725690289344,"remoteIdentityKey":"BacmjzNbtFNuWcyQxnXaZYIX6Er7+XMKBYcGv+DUQK5Z"},"_chains":{"BW6/y0LTAPKd7fJQOeZH+4E+/hZJgI7AHkFVB5pj+pIK":{"chainKey":{"counter":4,"key":"kDDqTaTrWqd5CV5DUMJ8o0oKl/WG6Zmt1qLKjDONxTE="},"chainType":1,"messageKeys":{}}},"pendingPreKey":{"signedKeyId":1,"baseKey":"BQu6wYYX0dFJjceHS6slsY0qI4PEOG5HQ7Nm8+1V1wA8"}}},"version":"v1"}