{"_sessions":{"BT3Z8rIjEF/CYF7v/LJMowKIXHyUgZvuXeWkmgiVUxtG":{"registrationId":183,"currentRatchet":{"ephemeralKeyPair":{"pubKey":"Be7VbyxBV1gVcYIUvEgCPhWXAWpVmqU3hfnJELE81Dg6","privKey":"cEsHpZmUMSotfxGdK1CNqt3U8SwSKNbZEOQ9nmx901A="},"lastRemoteEphemeralKey":"BZwU+wZUCF3o4mO5bTAgKDgJjBi6XrLMjLVkRnvmHa4h","previousCounter":0,"rootKey":"0hsuRzaDiEIQImhhvDRCbVzHjIQQ4RWE4zNNpg8+cUo="},"indexInfo":{"baseKey":"BT3Z8rIjEF/CYF7v/LJMowKIXHyUgZvuXeWkmgiVUxtG","baseKeyType":1,"closed":-1,"used":1725690289304,"created":1725690289304,"remoteIdentityKey":"Bf3B4WV6/y46a1FhqfxXTXRgkzQRqdQ8TfqhW21uVP9Y"},"_chains":{"Be7VbyxBV1gVcYIUvEgCPhWXAWpVmqU3hfnJELE81Dg6":{"chainKey":{"counter":4,"key":"Sz7Q9q9OIhL/oOXTnz70ohUkz9U2JDQc2+dIWq9+SX0="},"chainType":1,"messageKeys":{}}},"pendingPreKey":{"signedKeyId":1,"baseKey":"BT3Z8rIjEF/CYF7v/LJMowKIXHyUgZvuXeWkmgiVUxtG"}}},"version":"v1"}