{"_sessions":{"BRpSq0pz6qmyn9cUiYzUtO6b7QABTCSromlYKtFv091W":{"registrationId":13306,"currentRatchet":{"ephemeralKeyPair":{"pubKey":"BWmwHb9Q1ReJb9+J4BtM8rxOjfMDC6fLcXf5umiBFZ9A","privKey":"iGjR0hWjPeFVi+b2Sm42SrPxZy9YXObacr14B6Ou0XU="},"lastRemoteEphemeralKey":"BRn8lbfb/6iIL+WbF5EHjyVg8ViggUICiBnDtebkPKs3","previousCounter":0,"rootKey":"N/YH0bNPBS5WD4HINjsbktsw3sD5rx1SQ2v7aoR+NAQ="},"indexInfo":{"baseKey":"BRpSq0pz6qmyn9cUiYzUtO6b7QABTCSromlYKtFv091W","baseKeyType":1,"closed":1725688756634,"used":1725688756619,"created":1725688756619,"remoteIdentityKey":"BeFb7FXDmthowxMcNRb1+6OC0V5xRZ30r49fstENI6ph"},"_chains":{"BWmwHb9Q1ReJb9+J4BtM8rxOjfMDC6fLcXf5umiBFZ9A":{"chainKey":{"counter":0,"key":"yUI1JDRMvTt7bNFm89DJMBCroBqm2zb7yFVY3rEphPA="},"chainType":1,"messageKeys":{}}},"pendingPreKey":{"signedKeyId":1,"baseKey":"BRpSq0pz6qmyn9cUiYzUtO6b7QABTCSromlYKtFv091W","preKeyId":163}},"BXVPAaxnjeqXSXyUPw/8bvzOLF1PkNEmcXoFUpLnDONE":{"registrationId":13306,"currentRatchet":{"ephemeralKeyPair":{"pubKey":"BQjnyJTQKFx6/cZtSk1TjD+42G8UNF/zrXS2gyjdPVBm","privKey":"6O6VMLTYwmfP0lcKVlohNsGskDzpIsAo63JEYM/DQkw="},"lastRemoteEphemeralKey":"BRn8lbfb/6iIL+WbF5EHjyVg8ViggUICiBnDtebkPKs3","previousCounter":0,"rootKey":"mPzqG0Wj8Fp31XSwjJNcGRmCwW8qPVrypwiTKKtDKtU="},"indexInfo":{"baseKey":"BXVPAaxnjeqXSXyUPw/8bvzOLF1PkNEmcXoFUpLnDONE","baseKeyType":1,"closed":-1,"used":1725688756632,"created":1725688756632,"remoteIdentityKey":"BeFb7FXDmthowxMcNRb1+6OC0V5xRZ30r49fstENI6ph"},"_chains":{"BQjnyJTQKFx6/cZtSk1TjD+42G8UNF/zrXS2gyjdPVBm":{"chainKey":{"counter":90,"key":"DBZSaWu61/Ke5/UYlKK57NA3rf/3U8jnXrqM/GkrFcI="},"chainType":1,"messageKeys":{}}},"pendingPreKey":{"signedKeyId":1,"baseKey":"BXVPAaxnjeqXSXyUPw/8bvzOLF1PkNEmcXoFUpLnDONE","preKeyId":102}}},"version":"v1"}