{"_sessions":{"Bcxoh676d+YTRdQooAw8o0MqWLYAAG5cT6M2gIrk97Zp":{"registrationId":1786633176,"currentRatchet":{"ephemeralKeyPair":{"pubKey":"Ba/LeaXwE+o+J3xWe3zaaakxirNkVDGPlE+YsOLmWCx3","privKey":"sHLkyL2tedKQmdubT9t2CJlB9GNjNkJ0npSZhuDmDm0="},"lastRemoteEphemeralKey":"BTnd93t7LkIFq5fnjkC+kZGDvcVq7r8hkYWvYQyc1X8S","previousCounter":4,"rootKey":"jt4uY5DokB6vJrDbGyNtHuHHdcnuODDP3bTE7nARZoo="},"indexInfo":{"baseKey":"Bcxoh676d+YTRdQooAw8o0MqWLYAAG5cT6M2gIrk97Zp","baseKeyType":1,"closed":-1,"used":1725707864998,"created":1725690289438,"remoteIdentityKey":"BaUt5JH0oUf9/x9M7cNKOCJbELNn7zehasLnxSSKPM1d"},"_chains":{"BTnd93t7LkIFq5fnjkC+kZGDvcVq7r8hkYWvYQyc1X8S":{"chainKey":{"counter":5,"key":"mrOO079tQQ1MAp49+nFk6Erve6j8dwM2Pb4amu9/V6U="},"chainType":2,"messageKeys":{"0":"3fpUjnLoxR1AljhfuXs72A3NDhm1teqjQj40k8r1dd0="}},"Ba/LeaXwE+o+J3xWe3zaaakxirNkVDGPlE+YsOLmWCx3":{"chainKey":{"counter":-1,"key":"EnaJX1FhqOWMFJ53RhvjOKMv7b3StbtOL4YYeGw11BA="},"chainType":1,"messageKeys":{}}}}},"version":"v1"}