{"_sessions":{"BSKrmH5Nwa6nj6nmNXCZeqmjs0qGH+gr6ScEETwQhWE/":{"registrationId":1088465739,"currentRatchet":{"ephemeralKeyPair":{"pubKey":"BSjPQXvsMuOdur6/DJCfKosDYWF0fwsFxmEmNfHlutRG","privKey":"sF81bOUAs6t8aRCRQGEoqXnDJmKTPazS7JgKp7dGRXU="},"lastRemoteEphemeralKey":"BWvS+jNNOy0DnF+6lpUvI+zS3iBUppa0TRrxybr3kzVg","previousCounter":0,"rootKey":"8eklrgCoUQ9bjupCmK+qDC/FJnBZ+aA4doEVSRtRUYA="},"indexInfo":{"baseKey":"BSKrmH5Nwa6nj6nmNXCZeqmjs0qGH+gr6ScEETwQhWE/","baseKeyType":2,"closed":-1,"used":1725688056883,"created":1725688056883,"remoteIdentityKey":"BfbfVEgmcmNo5qOm2LNc1Sge/pFFCf+5k9G1ZoZ7UDM1"},"_chains":{"BWvS+jNNOy0DnF+6lpUvI+zS3iBUppa0TRrxybr3kzVg":{"chainKey":{"counter":1,"key":"udcdWSyEmN61wky7/bea5aSM/dZJyQIO5Ekm/Mk8IWc="},"chainType":2,"messageKeys":{"0":"2ZBcGoXeWfq36R8jfqBAC4hByzDkxNpdO87Fvd1mepM="}},"BSjPQXvsMuOdur6/DJCfKosDYWF0fwsFxmEmNfHlutRG":{"chainKey":{"counter":-1,"key":"m4Qp1XqqCtz7+Zyw97fAxZs0fn4G+3i2ONN860zKHDg="},"chainType":1,"messageKeys":{}}}}},"version":"v1"}