{"_sessions":{"Bbtoq2GUf+LcC2jngN1D1Hovk+4VypuSR6yhfnwMR7IS":{"registrationId":2070313521,"currentRatchet":{"ephemeralKeyPair":{"pubKey":"BeLJeyR5ZmlvbTvPrhRdZTkFRAj4w/CAIr5IqnKC2/5+","privKey":"iAML7vWjxtIQCP35R6L1VDrE0tN9E7LbJODmzlM2S2w="},"lastRemoteEphemeralKey":"BZkcmdFov2dgT9Ed5bGIwuRc/hO0o+VsYEjty3HUkoU+","previousCounter":0,"rootKey":"1GsRYnl97IwA/ElSded7/lB8lnqZgC9kBHGrFXQ4GAk="},"indexInfo":{"baseKey":"Bbtoq2GUf+LcC2jngN1D1Hovk+4VypuSR6yhfnwMR7IS","baseKeyType":2,"closed":-1,"used":1725707869876,"created":1725707869876,"remoteIdentityKey":"BcHDNj7K3Oa+XM7pSDXyQNQL42BwGM4/8LbkFgpV9gU0"},"_chains":{"BZkcmdFov2dgT9Ed5bGIwuRc/hO0o+VsYEjty3HUkoU+":{"chainKey":{"counter":49,"key":"jkbS8EcvDEFqOkqEgCu5pvOzFa0yqSyhrBHPAISwHEc="},"chainType":2,"messageKeys":{"0":"uJCCuv5wnEQbZ63X3H3ss3hLmlYnifYP1QZ4H2YEDeg=","1":"awIPl88/Z9U5Y04gO4knuwrCG75pAECKpIMAjHtq850=","2":"+KqJrKD21sZLMXTB/rGzGU+GlaA8XfW9bhQMKmziWQQ=","3":"GdLLL4Bt9Wh8DBIKBJA1I3P69l834UgfRMtGzu+GX+4=","4":"2RZ6A3KV6NXikO3MxR7+3+xHYZr5/6berKnLhBb1iP0=","5":"PqtyK+qfHn653BWhaBs5ixCboqrNpuD4wHs9cNcXUtI=","6":"9p8yXfiASwss3nB3mdZL1qh8PPIWI11OttMh6a+7zV8=","7":"MKApEWTKq0ZY1uOIINqka+kvq+2XGvIzm8sez8Mg2eo=","8":"iB2PA1r/NNd+FahdnkwUmzLfchu77WlbSZF9PuGyqKc=","9":"PIn/kGdXLqhrbiqiaIa2c0ROxWoxquJdhgybGXRWmeA=","10":"odgSQc5PBYs8CMdcVPgFntazFOnjm1w7VzVYwKlfix4=","11":"wL/LECNq7L15xkE21XuhUxDSUeo1EXgOYAF3T5f0Ak4=","12":"yd3stNUX0LGVNzHyH7s+l+wHXLrH81geihtKee03V58=","13":"YmF5HzrUJ/20vFIp6DUUhHhvVrwwRXvseyXoYSHp14k=","14":"Vnt44T/31iAzOXowy3CKq5sKfJOOtIzsh+j7RMUJx6Q=","15":"vsobpBymHM2IuhsI9Y2daasd1x8MQcCTW7sUBIrQQEg=","16":"mzC+p3GNM0GMjMfzJIPv7RxkgEtErYXgucZKdHfVZpM=","17":"6tptmPdzhjhC4hpQ8U8u/6rue+31bZ8QTNXUPnC4FkM=","18":"84IDPTHHp8cyhnrjbXbRTuEnHhGkUkvd3yN6Vw+4Mcs=","19":"0HfEjlSZIHXYQn664Dk2sEYWhth30nO1SEnRAYzqE7g=","20":"uY7HalMiYswtJupLy/ROpsdj0uzLhk3yCIpMKhUeU/w=","21":"PDwIiCmWfKajlDRzHEbusmZ6Kp88DsdY+dzSe1kGLIs=","22":"w13QR3jluUh1oU2fteriEW3SNId5yfz4gBMhRF/EZG8=","23":"ltEjrAqf2dDSw50PRlMsm7G066VvbzwRK4fSdj0gGd0=","24":"3B+P1H0POC5UzMp01S4Pxu/2yGfj4BJBoISvBfPkel4=","25":"2mbNMRKH7N67Cpun2xWouiCVxNXCqk3WzNTcrfMnzGE=","26":"rqP8z6awobMyMjgrXAOoQQvnCprgtKmIi43N+CtBkg8=","27":"D0pXsDC/6is6UU8ipHsHPnA5XrftFcDjpsKL+0lzSh0=","28":"TJDx3S9Zd5Rax/O9YIsvVpxy2I1GVObyfNQYxwWDFwM=","29":"R1bb8KXCXPi3IwkYOokxrIg0KI/Ns5dhxO0eNKqM1IU=","30":"rZgjyE+5KcJ+y2rZSYB/HHk8YEFukLAZR/aMqfPeEro=","31":"L1PwYXjlSvsQU61yoO0wfWW20DVjeKUBhTnr+2gu+LM=","32":"1sllcICnBXjLt8X7xqOFqNDqJvMPEZJxxc1BOcIRizw=","33":"dPMtM/Y8AwegN5NEHE8Z9Huz+Jci2F/H8W5JXMBkN40=","34":"cd02huanag9Kl08uGuzJrXA1F/TgwbajMyEr8m1Qvfk=","35":"Dflra9pXWbKes/4Fq/r3QSLqBmgPzgUkbITT3EhbeiI=","36":"fGDNqrXLda8nVjyDdG92KBMkk83EbXe6jGxHCkIOMSc=","37":"MOeCZvWW82emetwsbjoQ7byNmrBGtVVS4LsUOgPjwxs=","38":"OIQoJn/49N5EQR8NkoAYF/m4jyhQwduarauOWMAfWgo=","39":"t+qA57a72Ot0khMbnKAIquNts6KssHu0zaySXbUqHB0=","40":"UgQ+Pt6XAMahOZuxQt0C6XtZI7ltJzHlUjyHhRNbzrg=","41":"LhcwvAegrIofhs572y9W6+5PWsvBb4kTTEP++5fA4WE=","42":"Jxbbp4b8dBj3vcygA2Vzv7X/jEynjXEXlI+T/I70CrU=","43":"MZmpdaaP3UYmm9j4XjmtSa1ZepkEn6sfUe2JmuFHoFA=","44":"LYJhBnNe0bF9PILJxpghPXZbhSJ0+gdSFPl5sWCZ9R4=","45":"ExTUsNZ35nLWCGLrV2W04mTZ07YA7EOb/HNtgyNOWYs=","46":"zBDqdkog5+ybb0O0od8zVOnARik5TwbStgHuzcnGpLY=","48":"V/bz7vT69CBrP2ob2ByVBa9nAtgAM6/1mQydi/KEX50="}},"BeLJeyR5ZmlvbTvPrhRdZTkFRAj4w/CAIr5IqnKC2/5+":{"chainKey":{"counter":-1,"key":"ykMuTDdBRWjuy8nT+Ok6HLq01rOdrx3pmcaISb/kRJI="},"chainType":1,"messageKeys":{}}}}},"version":"v1"}