{"_sessions":{"BdvzrmU1IR+lLgJGyqNyi2+emWFkMk80Sd/VtjS6M2R6":{"registrationId":1447012376,"currentRatchet":{"ephemeralKeyPair":{"pubKey":"BcLtmmi35LSRNLUCZ+SisUkLCTh15G6251GBM1gkjSQP","privKey":"2GSY1JqIz8gVHtP9sPFPNj65a4l1auT+u6gEl3OlS2Q="},"lastRemoteEphemeralKey":"BeWZe9WgLZMBRXjhyDB3YuhcymcRowksukM88gRUJiEQ","previousCounter":0,"rootKey":"G5gH0TdVEPakbS/POaTSaL31LR+YjcIOxbOjRw4WLNM="},"indexInfo":{"baseKey":"BdvzrmU1IR+lLgJGyqNyi2+emWFkMk80Sd/VtjS6M2R6","baseKeyType":1,"closed":-1,"used":1725690289415,"created":1725690289415,"remoteIdentityKey":"BXw5/JkCy3dvEJvzwqOy2qmAWp3bCc3/7QLUp8b/dv18"},"_chains":{"BcLtmmi35LSRNLUCZ+SisUkLCTh15G6251GBM1gkjSQP":{"chainKey":{"counter":4,"key":"enIjrrS6+Fso9rbRZQdGv8Ow386Kp8t4anuSKTfoFMs="},"chainType":1,"messageKeys":{}}},"pendingPreKey":{"signedKeyId":1,"baseKey":"BdvzrmU1IR+lLgJGyqNyi2+emWFkMk80Sd/VtjS6M2R6"}}},"version":"v1"}