{"_sessions":{"BT95ICPeBnp+/Amm1hF2Q23jRdMlGDmKtRtaen9ulM1J":{"registrationId":991179021,"currentRatchet":{"ephemeralKeyPair":{"pubKey":"Banir9lpLNKZDz5DJ0zSLKJiCMzyTX4Fk7f4caeLf00v","privKey":"YBs7/cPBlthzhYOpLjUxqxfz/8+bDPYL4rgRKflHTHU="},"lastRemoteEphemeralKey":"BcVZTFIGrdbAFXN64BuCXjR6mOgMqlH6CQKP3tco46t/","previousCounter":2,"rootKey":"ELOizkgipcuCScIqkPf4Kin9Flo4sn+YwcRZ6cpl/Aw="},"indexInfo":{"baseKey":"BT95ICPeBnp+/Amm1hF2Q23jRdMlGDmKtRtaen9ulM1J","baseKeyType":2,"closed":-1,"used":1725690305524,"created":1725690286684,"remoteIdentityKey":"BT6TURqsGimMb6OmcAURFIyvZ5djxFrAapkzZy8bw1gk"},"_chains":{"BbPl9OEvXOtFJPVi9II+0yBBxCFqIEzvEbHntqNI+wtV":{"chainKey":{"counter":0},"chainType":2,"messageKeys":{}},"Ban86jpivDVgUXy38xS7Hu+U9PGUkfA+qqQKBovkPRRA":{"chainKey":{"counter":0},"chainType":2,"messageKeys":{}},"BcVZTFIGrdbAFXN64BuCXjR6mOgMqlH6CQKP3tco46t/":{"chainKey":{"counter":0,"key":"lxwvApblKl000qHal71TuT459+cMVWp5x5yAKJLApxo="},"chainType":2,"messageKeys":{}},"Banir9lpLNKZDz5DJ0zSLKJiCMzyTX4Fk7f4caeLf00v":{"chainKey":{"counter":0,"key":"qwtKMcqSuFor0HR+8c/jXNesiiq8PnY6AK0JKY3AfC8="},"chainType":1,"messageKeys":{}}}}},"version":"v1"}