{"_sessions":{"Bfvk4dRxYLVIBxFEuIZSTrjCr9eYZTkxcXBFZ2tz6Vc7":{"registrationId":425178770,"currentRatchet":{"ephemeralKeyPair":{"pubKey":"BdkgGHDDRVtw9f4OnKWN3dqVU2MsnCmyE9Ml72mj08gn","privKey":"IFvXVlJzweo926o4Is0YDqu+fq+sNwiDwd4vYiJeNVg="},"lastRemoteEphemeralKey":"BeTkdAFZusuWi/+9E2/KAhVA2FQu03elM6PEUGvMM2xy","previousCounter":0,"rootKey":"59M+mGhF/+wBEEXDJ8kPLXerPEizCPbTI42QYEp3fTI="},"indexInfo":{"baseKey":"Bfvk4dRxYLVIBxFEuIZSTrjCr9eYZTkxcXBFZ2tz6Vc7","baseKeyType":2,"closed":-1,"used":1725707845516,"created":1725707845516,"remoteIdentityKey":"BdgDmiqOIyzaEFydcJyAmH1iOhAAR5XIlnT7cJUrxpJM"},"_chains":{"BeTkdAFZusuWi/+9E2/KAhVA2FQu03elM6PEUGvMM2xy":{"chainKey":{"counter":20,"key":"2bry7xYNvRHQDqq5s97L4h7oHpYltZ4QCxiaUUmnxZg="},"chainType":2,"messageKeys":{"0":"K8K9Pf2RruKIyO0bfK5jGcq2YoKUTq3R86Jpju0RHOA=","1":"Im6/B9d+UOK+6KrThq5CcyCL2iNSPyPKHIDVbsPeLsY=","2":"EqM4KL7we+qimIv9T3rxMPNns04aopZRokjiHO+C6rQ=","3":"E4ut4OqxN4YveXg1c9SefT81jXd7W0k4q96gUZs/NUs=","4":"A3ojpzOVPbNL5owQ7vQrOhqiWxSqb1AutQ9oA18yD7Y=","5":"WkduVMOcmpfomAxlzE5hc42BDYoUMZ2i57s/CHEOJKo=","6":"WBhOQdDbXMelbPhIJtAN5kD+t7N7mcnvE9dgpezMiaI=","7":"ww7L6/Kwtzb9XaS6C12x/t/d1LP6K2A0YMbH+AxMbGc=","8":"JygcgGJP+krjcQBKT0/mLgBw+ojTgz9OLK0Ok4h03wg=","9":"w1brK7MTFeCLx6lX49DRR7Szzsr+WnsNHgXTVZC6zco=","10":"DZrCVy52xJTIJmYUA54/AzdZhd89taa9PWmUCoblANM=","11":"QmaZW9efwgsTlMHv0t0ClQwMRSEmooFbQL/GS/htha0="}},"BdkgGHDDRVtw9f4OnKWN3dqVU2MsnCmyE9Ml72mj08gn":{"chainKey":{"counter":-1,"key":"Ttl2sicv8rtjVhP4e4HYpDa+cYTqrtQ7TnhJGvI9F/g="},"chainType":1,"messageKeys":{}}}}},"version":"v1"}