{"_sessions":{"BYDNrJ40uhWEt0/0VncAlJFIpxy8lsSECoiz0UM4l8Es":{"registrationId":1850631651,"currentRatchet":{"ephemeralKeyPair":{"pubKey":"BdWjr2wYrJdiIOwUXQd+GXIJ9SdgnCk+4ZDl9kvroGh2","privKey":"4OSzBXW3N90AzITEcVGVRqg3eM1D+jUDF3Q/DsSN1mE="},"lastRemoteEphemeralKey":"BU0VcAGuCoWZMfXWwCKx8k7BIT/U0QwmbqE7B8meSGhP","previousCounter":0,"rootKey":"Ayp2ixZ3TeBfcgevSfsR0QUk3GpNcx3Q10xYHS8dQIw="},"indexInfo":{"baseKey":"BYDNrJ40uhWEt0/0VncAlJFIpxy8lsSECoiz0UM4l8Es","baseKeyType":2,"closed":-1,"used":1725688074012,"created":1725688074012,"remoteIdentityKey":"BQKj0g/QUxrgzfU05mN7GmhrbND7mpJGbRFaGWX8+1AY"},"_chains":{"BU0VcAGuCoWZMfXWwCKx8k7BIT/U0QwmbqE7B8meSGhP":{"chainKey":{"counter":1,"key":"3TNPaQgcms4xtPdODA7n4q60X5eG2BiGao1Yw/pmR+Y="},"chainType":2,"messageKeys":{}},"BdWjr2wYrJdiIOwUXQd+GXIJ9SdgnCk+4ZDl9kvroGh2":{"chainKey":{"counter":4,"key":"XQY7z39zSvcnK6cPxRTw/0kdekkXRX7DQQDrqM4RCis="},"chainType":1,"messageKeys":{}}}}},"version":"v1"}