{"_sessions":{"BZ+xl7WOYWirWU0/w0E9KI1u8YEdcdppv29mb1m2dqhs":{"registrationId":121,"currentRatchet":{"ephemeralKeyPair":{"pubKey":"Bd6kisyJf6ey1lekfjKjk4WlS86iAgIEibLm9/zNlwx+","privKey":"8DB9zPQ+c5qLRCnOq58Nu8Z0+cF+LNJfPB7nUf7ODWE="},"lastRemoteEphemeralKey":"BXT0tLXgydfl5iM92XbkB5Rn0Sq9pBdJstWsRarDYbcS","previousCounter":0,"rootKey":"8h4Tz+CvF7/LFWFRQTVYRb3kxnJAGN0NxDXHSVCEduY="},"indexInfo":{"baseKey":"BZ+xl7WOYWirWU0/w0E9KI1u8YEdcdppv29mb1m2dqhs","baseKeyType":1,"closed":-1,"used":1725690289384,"created":1725690289384,"remoteIdentityKey":"BVnoP8FiuZDcDWyK49TA/ItIQw7Np4FDf8CbM9PXlhwk"},"_chains":{"Bd6kisyJf6ey1lekfjKjk4WlS86iAgIEibLm9/zNlwx+":{"chainKey":{"counter":4,"key":"0RUMOkUdNvAkMt4i00YkX3NDKBVIuyQXbGsdizqTTQk="},"chainType":1,"messageKeys":{}}},"pendingPreKey":{"signedKeyId":1,"baseKey":"BZ+xl7WOYWirWU0/w0E9KI1u8YEdcdppv29mb1m2dqhs"}}},"version":"v1"}