{"_sessions":{"BUOQIux7plwYPX4OT6cloqyp8uU/vFnxvjzE/4o0i9Yy":{"registrationId":37,"currentRatchet":{"ephemeralKeyPair":{"pubKey":"BdakrnrQtBLfMnWCL12QHmCw2rYrRsc6ILu3z/3Z5Vg5","privKey":"wPNizeeqwezy7ySKQm79101pA1J5gtY8+cWo0DQy+28="},"lastRemoteEphemeralKey":"BRyyk6nqYD3+V3hDQvnLD44TjHq+BGon9sFsl3SgK51n","previousCounter":0,"rootKey":"FQFlhTSYnLzuv2y1u63ehy7xE5B38L84NCk5w73W7fk="},"indexInfo":{"baseKey":"BUOQIux7plwYPX4OT6cloqyp8uU/vFnxvjzE/4o0i9Yy","baseKeyType":1,"closed":-1,"used":1725690289389,"created":1725690289389,"remoteIdentityKey":"BWUPJ+CMwuSUAQJHKgsDOAOKCbxR3Riwt3mqJd6v589m"},"_chains":{"BdakrnrQtBLfMnWCL12QHmCw2rYrRsc6ILu3z/3Z5Vg5":{"chainKey":{"counter":4,"key":"Npf1XmguuPxDGWz8JRd1BDONUT4sgjjnVfQegWpUjXY="},"chainType":1,"messageKeys":{}}},"pendingPreKey":{"signedKeyId":1,"baseKey":"BUOQIux7plwYPX4OT6cloqyp8uU/vFnxvjzE/4o0i9Yy"}}},"version":"v1"}