{"_sessions":{"BSRFym+m1AHzVB4iRmntQ/Kl1YKpmw7InK9Pj9+6v8ZA":{"registrationId":1198226183,"currentRatchet":{"ephemeralKeyPair":{"pubKey":"BU9bOhRhtkIgfqErkKB5pT56rB0IGLHj09l0Il0AojYr","privKey":"uFMCp3Wyg2YtXdS/SUVBT9CAvALMYEdvU+bbKa6CN2g="},"lastRemoteEphemeralKey":"BWk0UChB59EmGajrDdtum7GUugtnoVwWBKrF6zIiLP1k","previousCounter":0,"rootKey":"KFh6RGZuuzw9ZMtC2FZw9NPfku92uU13icCUNjmS4pQ="},"indexInfo":{"baseKey":"BSRFym+m1AHzVB4iRmntQ/Kl1YKpmw7InK9Pj9+6v8ZA","baseKeyType":2,"closed":1725688223716,"used":1725688223099,"created":1725688223099,"remoteIdentityKey":"BbSHqjorrwGMxFoEpxvpi2K6kL5HhLOiteadIU5/d/Vt"},"_chains":{"BWk0UChB59EmGajrDdtum7GUugtnoVwWBKrF6zIiLP1k":{"chainKey":{"counter":0,"key":"lhu1NpU9Lqf8ffkVKDTvE8Ix4uI4A7CxLe9+q0OrrZQ="},"chainType":2,"messageKeys":{}},"BU9bOhRhtkIgfqErkKB5pT56rB0IGLHj09l0Il0AojYr":{"chainKey":{"counter":-1,"key":"RNvA5Agh1cpTgtQ7yDfq784glwONdyj+bv9erEmGIME="},"chainType":1,"messageKeys":{}}}},"BR2mSfSZa6ZI6aqCzK8KKxomUdb8u7KCYiVQE6ZFG8wL":{"registrationId":1198226183,"currentRatchet":{"ephemeralKeyPair":{"pubKey":"BZzSn8gmUmHTrAN10SdzWAUwTt5ouYpaWC8sRYQW5b4F","privKey":"4BFlxdFhIQgatfjHBQRyECu/Sy/KmboAIpXk4oFdc08="},"lastRemoteEphemeralKey":"BbDNfL9uxDSzMGvzt4S7O5d+6T4WOsUAr7e0cndU/gAz","previousCounter":0,"rootKey":"kYNOY8pSKG8ylQ3GsleNGN3sL007p4kdsCSDHdhyQnA="},"indexInfo":{"baseKey":"BR2mSfSZa6ZI6aqCzK8KKxomUdb8u7KCYiVQE6ZFG8wL","baseKeyType":2,"closed":-1,"used":1725688223720,"created":1725688223720,"remoteIdentityKey":"BbSHqjorrwGMxFoEpxvpi2K6kL5HhLOiteadIU5/d/Vt"},"_chains":{"BbDNfL9uxDSzMGvzt4S7O5d+6T4WOsUAr7e0cndU/gAz":{"chainKey":{"counter":0,"key":"xldbQbLC5rEljrjY9Fuk7rVxSYXnSmIqlOhSLnQVqxc="},"chainType":2,"messageKeys":{}},"BZzSn8gmUmHTrAN10SdzWAUwTt5ouYpaWC8sRYQW5b4F":{"chainKey":{"counter":-1,"key":"pLYlHp4yDJekv0fa2i2FiugOWG/LAdfOybTh4w8jkKc="},"chainType":1,"messageKeys":{}}}}},"version":"v1"}