{"_sessions":{"BakmJs31E9gXxQvm+0Ps1JtSYe2tbtDYabVIOOLK22Rw":{"registrationId":1228114286,"currentRatchet":{"ephemeralKeyPair":{"pubKey":"BQrCB7mFQLRVijLYch18VRXa3ugGAQdvRSH6a2beQ1h6","privKey":"CKued/LOi6Dp3Gs5fO27iuogQ4gu4eAqKw4uoiFEUHo="},"lastRemoteEphemeralKey":"BUIHpHzwmpkzkJ5M3PN4xl+mMZ67MqIodPSYI7QMrxZ6","previousCounter":0,"rootKey":"uFBWXukI1tk/FlLRv07NcfhLxj/0cGXUI+W1Qj0rjE4="},"indexInfo":{"baseKey":"BakmJs31E9gXxQvm+0Ps1JtSYe2tbtDYabVIOOLK22Rw","baseKeyType":1,"closed":1725690300657,"used":1725690301687,"created":1725690289398,"remoteIdentityKey":"BVaBkkZDZmfxqOGbmNqDcfOBT8sZIU1vN3GgzYaJkvAC"},"_chains":{"BUxOm+cFiCsjNju6sb9vMy1HPJ6eCk/m2G9BSXrBwBV7":{"chainKey":{"counter":12},"chainType":2,"messageKeys":{}},"BUIHpHzwmpkzkJ5M3PN4xl+mMZ67MqIodPSYI7QMrxZ6":{"chainKey":{"counter":1,"key":"NIcMW3iF2Q/1UdRQxzqkxU2crNEyKyDsn+D8vWuM47I="},"chainType":2,"messageKeys":{}},"BQrCB7mFQLRVijLYch18VRXa3ugGAQdvRSH6a2beQ1h6":{"chainKey":{"counter":-1,"key":"EVvkraf/iMhkp+UInHy5tlqiD3W57Cp4FefZLbfJjTE="},"chainType":1,"messageKeys":{}}}},"BZz7Pjbr0wOukRUHwNVeJG4MMGIxtXKxP9DSGv4raYNT":{"registrationId":1228114286,"currentRatchet":{"ephemeralKeyPair":{"pubKey":"BRUNuQDWlBa1KUd/NPErDJ+nO8zgF+2ZzfNCGL0feRog","privKey":"gMbanlm5fxa7x1hZVIUpixbp3In2HTSMZQ7U5cNPOGU="},"lastRemoteEphemeralKey":"BUIHpHzwmpkzkJ5M3PN4xl+mMZ67MqIodPSYI7QMrxZ6","previousCounter":-1,"rootKey":"rysxYdzcpEXTZOo/7UpNcthEvDty/DEvbhPQ0Uup1LU="},"indexInfo":{"baseKey":"BZz7Pjbr0wOukRUHwNVeJG4MMGIxtXKxP9DSGv4raYNT","baseKeyType":2,"closed":1725690302074,"used":1725690300661,"created":1725690300661,"remoteIdentityKey":"BVaBkkZDZmfxqOGbmNqDcfOBT8sZIU1vN3GgzYaJkvAC"},"_chains":{"BfaafczaE2F/HbVIVabgSNQrTuVDn9gQz/Du0V9IlAx0":{"chainKey":{"counter":12},"chainType":2,"messageKeys":{"2":"kc7NY6QW/aLMD7A1R54jutGTyXSrzYNaOwAbhBFn7mo=","3":"wOwAmVnbRIQAbJLMDPeec3F8EYqJZdf3PiwZSx9xy8c=","4":"qt7NII5yhjCFO0rnbLa5xcf4Vp4LXy+rKlqUc4MNjS4=","5":"pS6Dw13dh+2UBFcCcyyoXIdFEvNg7nqVoGaCyBC6NoE=","6":"JDlimbonrSWrR8Ih1ZP0WW0BLwTFQ9HvnblzTtOPeXs=","7":"XTcmygcY0pXy0gxryfX5/rRwwHDoEiTFCLtZJNYK6Mo=","8":"OFsaNIK4jxBieayGEXGfxFfzgWIk8lrWk0gWG6LRI4Y=","9":"hFr8zLQuDh+a5X5lCwahM5peINW6b3AjhDoZZPj4tVI=","10":"dE61Lek+yA/v16inlmCF8AQdcDU8kYedsRMnnhHtKvI=","11":"/GZEeDlYce1F1vAHvYD/GZRvzg4Zum0yaQlcA3rr/ck=","12":"47kKH+1WKFUOViNsOCXp8lVri36tl9s58f8StdXXwFc="}},"BUIHpHzwmpkzkJ5M3PN4xl+mMZ67MqIodPSYI7QMrxZ6":{"chainKey":{"counter":0,"key":"L7sn16xg3NL3h1Dzq4Kzrw5bFOKhn65iGYVFNKgsKlE="},"chainType":2,"messageKeys":{}},"BRUNuQDWlBa1KUd/NPErDJ+nO8zgF+2ZzfNCGL0feRog":{"chainKey":{"counter":-1,"key":"U68tdaImApfy9LeTN6L0b3D+7UsQtpVcP6B+vxX3vk4="},"chainType":1,"messageKeys":{}}}},"BSnts1xtLL/2i3qpoSmRUniZqXghTNj1mAqw8cm0hjk1":{"registrationId":1228114286,"currentRatchet":{"ephemeralKeyPair":{"pubKey":"BXFiv5RHJzl8AxRZBGaPXsmlX6pMxeRQtQERB+8zWG1H","privKey":"8CdP0IOkwTSbv2XtKBKMbQoHRgGgbhhbCc/gyMAoxl4="},"lastRemoteEphemeralKey":"BZV6ioLmTP+7SMBfy+pSieozQcqBQpPNQBrauOhO0v9A","previousCounter":2,"rootKey":"mLSVp4IJ7hzCGdB8e+xWinI2ehYwl55YdwOaUIHOPDo="},"indexInfo":{"baseKey":"BSnts1xtLL/2i3qpoSmRUniZqXghTNj1mAqw8cm0hjk1","baseKeyType":2,"closed":-1,"used":1725707845447,"created":1725690302078,"remoteIdentityKey":"BVaBkkZDZmfxqOGbmNqDcfOBT8sZIU1vN3GgzYaJkvAC"},"_chains":{"BVezBVQWbEwJs6si3BIRUyirT8Zn9wqciTFUMcVGN8pL":{"chainKey":{"counter":2},"chainType":2,"messageKeys":{}},"BWoOGaoedJmjBuaUP3KznZU+SHeGuAPkAGkNuSd3nM0L":{"chainKey":{"counter":1},"chainType":2,"messageKeys":{}},"BasNKutcgVKrIduQ8/vb+T82r+QJzokrcnT6ZRojp718":{"chainKey":{"counter":1},"chainType":2,"messageKeys":{}},"BYOifBVAtRQFH6QTIfOuvtPVHP5FBy0oCe4wnAdo09gT":{"chainKey":{"counter":0},"chainType":2,"messageKeys":{}},"BZV6ioLmTP+7SMBfy+pSieozQcqBQpPNQBrauOhO0v9A":{"chainKey":{"counter":1,"key":"4q5L2zFkF6Lk1HSnf/AaScb0MaKcjljwurnHV7jKkoQ="},"chainType":2,"messageKeys":{"0":"M7Pz6CkQhC4cUfBmR9RpP912yE3UUT4M5R2ZQQRYwCw="}},"BXFiv5RHJzl8AxRZBGaPXsmlX6pMxeRQtQERB+8zWG1H":{"chainKey":{"counter":-1,"key":"G2OGJqOojw1QFTQOOe7e1YSXJ135YuB5QhSxU9axvws="},"chainType":1,"messageKeys":{}}}}},"version":"v1"}