{"_sessions":{"BSpA3uxBdoTnO9nyFi+VoLmWSUifGa43m4Nvq6UKdN0P":{"registrationId":255,"currentRatchet":{"ephemeralKeyPair":{"pubKey":"BWwdAHxetnk0ElIy4sggL58DedoG6xkPr4MZBomAwXId","privKey":"uHmtSlwKvyZvO/B0V2KTANNgE7LGQ9u52DWIL4tGm3c="},"lastRemoteEphemeralKey":"BRLtCUzyGmxlL+b9hcEB3jbKwajqbtC7ZMKhp95fJIAR","previousCounter":0,"rootKey":"GKb5juHIBuoHfOC/w0UJgC9dzG/i7bOFDO2EUtguF5s="},"indexInfo":{"baseKey":"BSpA3uxBdoTnO9nyFi+VoLmWSUifGa43m4Nvq6UKdN0P","baseKeyType":1,"closed":-1,"used":1725690289336,"created":1725690289336,"remoteIdentityKey":"BUyLEQxqLWHZGG+Gmvu0KIbtTG8NUK/ktQnkygWP34Uq"},"_chains":{"BWwdAHxetnk0ElIy4sggL58DedoG6xkPr4MZBomAwXId":{"chainKey":{"counter":4,"key":"pzoZHu7lSnP4bmfJiERozYrzEKixeGUI6Y/UwI2zZVI="},"chainType":1,"messageKeys":{}}},"pendingPreKey":{"signedKeyId":1,"baseKey":"BSpA3uxBdoTnO9nyFi+VoLmWSUifGa43m4Nvq6UKdN0P"}}},"version":"v1"}