{"_sessions":{"BU/DMjgojcXNvs7Sjhqt6/K3ZDdE4v5DO67Mhw2sEzYs":{"registrationId":172,"currentRatchet":{"ephemeralKeyPair":{"pubKey":"BQkapP/3AwcZv2ldZ+MPE9FtK39R4puwy7LMXdWvUR4s","privKey":"oPCFlQLiy01IsB9ZoKL4bHJduFujJUe/LPBpKi9JcXc="},"lastRemoteEphemeralKey":"BdWPBPAmExv4f/ikKNwK28CD+VL/pm378HZyIMr+kJgZ","previousCounter":0,"rootKey":"rcTElvW4XKK4SkI5lDEx2pX9HQn94Lkn0EkId34Eyeg="},"indexInfo":{"baseKey":"BU/DMjgojcXNvs7Sjhqt6/K3ZDdE4v5DO67Mhw2sEzYs","baseKeyType":1,"closed":-1,"used":1725690289299,"created":1725690289299,"remoteIdentityKey":"BdR5rZR++AQ8h2rNOvpPz6eKE3MvQHErD08KJ48Nzrce"},"_chains":{"BQkapP/3AwcZv2ldZ+MPE9FtK39R4puwy7LMXdWvUR4s":{"chainKey":{"counter":4,"key":"j9dLe7epXDzLYEtzv/dx4+wQpjZ/oKBWeQmhVc/1zGU="},"chainType":1,"messageKeys":{}}},"pendingPreKey":{"signedKeyId":1,"baseKey":"BU/DMjgojcXNvs7Sjhqt6/K3ZDdE4v5DO67Mhw2sEzYs"}}},"version":"v1"}