{"_sessions":{"BUkeLRYboLLRaim38s34262iTTh7VmhRnbVdInGIkW8o":{"registrationId":356309542,"currentRatchet":{"ephemeralKeyPair":{"pubKey":"BeywsslqhRGhj663Uv2OJqJifNiH8K7L0NHyw88wqLQk","privKey":"8LzwOxiT2g0Kys3PXSj1DL+XXMyWJOH9wqsUb8Lm+lo="},"lastRemoteEphemeralKey":"BcIcg0mKyy9+VsmnONMmZn4Scr9fA6vZl5gXTRLVdill","previousCounter":2,"rootKey":"V+YxJtn/0JCcvlt0+32JGpSBuFZr82N8rC6uqm8YYEs="},"indexInfo":{"baseKey":"BUkeLRYboLLRaim38s34262iTTh7VmhRnbVdInGIkW8o","baseKeyType":2,"closed":1725688817032,"used":1725688817380,"created":1725688814862,"remoteIdentityKey":"BXm+d5Meh2NR66UOYYzX5fOS4EXOVVIhdZIrFBbOeDMf"},"_chains":{"BYgyv3ZsxsWd14cRy5l5h2Paf4sOVGR8857D8hwJjw8d":{"chainKey":{"counter":1},"chainType":2,"messageKeys":{}},"BcIcg0mKyy9+VsmnONMmZn4Scr9fA6vZl5gXTRLVdill":{"chainKey":{"counter":0,"key":"opkbEvTjHx3/IjFgPA5bTrK7fMrJ+0Z9MOt7O1kHqow="},"chainType":2,"messageKeys":{}},"BeywsslqhRGhj663Uv2OJqJifNiH8K7L0NHyw88wqLQk":{"chainKey":{"counter":-1,"key":"5K9o1SQBS7gKfytRn/Uu9lHLjLVsOgsbpWPkn7OECQA="},"chainType":1,"messageKeys":{}}}},"BXxBvffmwnXt5id2JTH/37LOxfWD23oNU5aeDxCD28In":{"registrationId":356309542,"currentRatchet":{"ephemeralKeyPair":{"pubKey":"BXGNeee57V7A1igB2ov6yDH2Z7yqh8DUMxSOHdol9S4Y","privKey":"uLFBrnAMGz/v1VrWHz4mJCS7NJnvE35e1KoWWok1PFc="},"lastRemoteEphemeralKey":"BcIcg0mKyy9+VsmnONMmZn4Scr9fA6vZl5gXTRLVdill","previousCounter":1,"rootKey":"d5HrfZtB2Cfb5JgPWPFN2M/mj7n6JnuPjuzZZ4E4HFk="},"indexInfo":{"baseKey":"BXxBvffmwnXt5id2JTH/37LOxfWD23oNU5aeDxCD28In","baseKeyType":2,"closed":1725688818998,"used":1725688817035,"created":1725688817035,"remoteIdentityKey":"BXm+d5Meh2NR66UOYYzX5fOS4EXOVVIhdZIrFBbOeDMf"},"_chains":{"BbSDBaIp4Td07iGIvCK3jc7JS5EGHChEQc2KQw36giYi":{"chainKey":{"counter":1},"chainType":2,"messageKeys":{"1":"VQFJ3eg26c3xwb/ICvgNquRRaKCPXoTJJMFsuWr5jwc="}},"BcIcg0mKyy9+VsmnONMmZn4Scr9fA6vZl5gXTRLVdill":{"chainKey":{"counter":0,"key":"KH+ncuYHc+PV7XkimolVUTMzp736mCAHGJIyixvd068="},"chainType":2,"messageKeys":{}},"BXGNeee57V7A1igB2ov6yDH2Z7yqh8DUMxSOHdol9S4Y":{"chainKey":{"counter":2,"key":"kExGLoAJqHXS4YoONfLJ9/Z+Ke12v/mow1gOpjqa3Vk="},"chainType":1,"messageKeys":{}}}},"BXfmMSXLzuvaiiaei0Blfpv05sOqG+IJonEUUGnTDPZp":{"registrationId":356309542,"currentRatchet":{"ephemeralKeyPair":{"pubKey":"BU3+CV5vGxXHoMn21u3d5N6Luj8hrKLe+4Yi2KoTcU4C","privKey":"GJQ+IMEnObD6zpK6oMOza+phr9ewce7RvjLav83wR34="},"lastRemoteEphemeralKey":"BXBNv+q60iL7yYxqnUmAcZYJxWikNatEkMg0AnrRMnZw","previousCounter":0,"rootKey":"wgf3mc4QH3E0J0UyHDYi8D08ahFZMITL3EEn5Khiap0="},"indexInfo":{"baseKey":"BXfmMSXLzuvaiiaei0Blfpv05sOqG+IJonEUUGnTDPZp","baseKeyType":1,"closed":1725688820233,"used":1725688818997,"created":1725688818997,"remoteIdentityKey":"BXm+d5Meh2NR66UOYYzX5fOS4EXOVVIhdZIrFBbOeDMf"},"_chains":{"BU3+CV5vGxXHoMn21u3d5N6Luj8hrKLe+4Yi2KoTcU4C":{"chainKey":{"counter":-1,"key":"3PiGVxZEu7BacGqxFTr/8NVOYeput09chGorPAgyuFA="},"chainType":1,"messageKeys":{}}},"pendingPreKey":{"signedKeyId":2,"baseKey":"BXfmMSXLzuvaiiaei0Blfpv05sOqG+IJonEUUGnTDPZp","preKeyId":13535658}},"BTpLavXFDvCFFqNFL8jz8/95ReOJLgSwu7gjl9/yaEgI":{"registrationId":356309542,"currentRatchet":{"ephemeralKeyPair":{"pubKey":"BXYWmpDQPo0XMwGJdLa/rI5+JTf0qMwJwp5COPKCBfdR","privKey":"CMheheRYCtKvUe5Qt8TH4m1R4arnrWp6Ijqsjkie+Xc="},"lastRemoteEphemeralKey":"BXBNv+q60iL7yYxqnUmAcZYJxWikNatEkMg0AnrRMnZw","previousCounter":0,"rootKey":"Im4zEHlkVx0rFTP8qaGWH82RIEwMSLHOsHZmaTACpqE="},"indexInfo":{"baseKey":"BTpLavXFDvCFFqNFL8jz8/95ReOJLgSwu7gjl9/yaEgI","baseKeyType":1,"closed":1725688820459,"used":1725688820230,"created":1725688820230,"remoteIdentityKey":"BXm+d5Meh2NR66UOYYzX5fOS4EXOVVIhdZIrFBbOeDMf"},"_chains":{"BXYWmpDQPo0XMwGJdLa/rI5+JTf0qMwJwp5COPKCBfdR":{"chainKey":{"counter":-1,"key":"XlM9DAl75ALRPrQnGIC36AnaDr6/YKaA8HvJup4k/8A="},"chainType":1,"messageKeys":{}}},"pendingPreKey":{"signedKeyId":2,"baseKey":"BTpLavXFDvCFFqNFL8jz8/95ReOJLgSwu7gjl9/yaEgI","preKeyId":13535673}},"BSSwOL6gUDLAhsxSY4a64iKJnip6ZIvCBvR89556Oj4e":{"registrationId":356309542,"currentRatchet":{"ephemeralKeyPair":{"pubKey":"BQN75NyMCb0wOWomxejh3RB3VWmMiRMO4AS6zVmsqHVI","privKey":"AMAUUXXOkuCN5yTIOB6jYRLJp7PLK9pInyJr3/YNAU8="},"lastRemoteEphemeralKey":"BXBNv+q60iL7yYxqnUmAcZYJxWikNatEkMg0AnrRMnZw","previousCounter":0,"rootKey":"0lYZL8MTjan8gFwnPxHcQIvlG/oGg7GlUdh8cGL2sos="},"indexInfo":{"baseKey":"BSSwOL6gUDLAhsxSY4a64iKJnip6ZIvCBvR89556Oj4e","baseKeyType":1,"closed":1725688821592,"used":1725688820457,"created":1725688820457,"remoteIdentityKey":"BXm+d5Meh2NR66UOYYzX5fOS4EXOVVIhdZIrFBbOeDMf"},"_chains":{"BQN75NyMCb0wOWomxejh3RB3VWmMiRMO4AS6zVmsqHVI":{"chainKey":{"counter":-1,"key":"pleb9yIy5b2XztCLmINGi+QRVb9FKyubYLcDrwm259A="},"chainType":1,"messageKeys":{}}},"pendingPreKey":{"signedKeyId":2,"baseKey":"BSSwOL6gUDLAhsxSY4a64iKJnip6ZIvCBvR89556Oj4e","preKeyId":13535635}},"Bc/JiYmmjIgfeNh4zCP0qHJPcumn9j6+8HN6q5ozt1I0":{"registrationId":356309542,"currentRatchet":{"ephemeralKeyPair":{"pubKey":"BVhY6NEbf7M95LuW/gxXguP7Hl8xTjPeQfYWLZFM5pBW","privKey":"mCbBdcLYBZR4GgonntmoK+SO5joLNnL4yOLqJd1PhEw="},"lastRemoteEphemeralKey":"BWy7meE8vle0/nN+EN6bwxJ5FW1tx47qZJl8eJw3EUdX","previousCounter":0,"rootKey":"hhXny1OkgxK3a//gHRMq79bbYxF8HTS88Rlpvl7LN3I="},"indexInfo":{"baseKey":"Bc/JiYmmjIgfeNh4zCP0qHJPcumn9j6+8HN6q5ozt1I0","baseKeyType":2,"closed":1725688823497,"used":1725688821596,"created":1725688821596,"remoteIdentityKey":"BXm+d5Meh2NR66UOYYzX5fOS4EXOVVIhdZIrFBbOeDMf"},"_chains":{"BWy7meE8vle0/nN+EN6bwxJ5FW1tx47qZJl8eJw3EUdX":{"chainKey":{"counter":0,"key":"+xI03mwPt4yb4vkQHvfG7d+0OLqqRlP79NBf+ohXBKs="},"chainType":2,"messageKeys":{}},"BVhY6NEbf7M95LuW/gxXguP7Hl8xTjPeQfYWLZFM5pBW":{"chainKey":{"counter":-1,"key":"68J0gI+zO26OP7F3je1HxoAGDhANabR8hip/ftHfRMY="},"chainType":1,"messageKeys":{}}}},"BSfg+3+haB5QnZroJUtbbA5tAk5YttShFVSMKF+ly/NO":{"registrationId":356309542,"currentRatchet":{"ephemeralKeyPair":{"pubKey":"Be0rsM1tljNxPnqVzXqgdFdRezeEw5FwzYLek4i6LApa","privKey":"6ILqxGVzqzr5porvHAzJvqsZB7FrAa/0N6szPL/qp0Y="},"lastRemoteEphemeralKey":"BbSVa8X1zh9aH0qiUrpTmCbDLVALeMiDMlp7LVqkG15k","previousCounter":0,"rootKey":"6VmAJZLQCi14XV8o062W5UZeUZj5zl6IY7eDRXJoxt8="},"indexInfo":{"baseKey":"BSfg+3+haB5QnZroJUtbbA5tAk5YttShFVSMKF+ly/NO","baseKeyType":2,"closed":-1,"used":1725688823500,"created":1725688823500,"remoteIdentityKey":"BXm+d5Meh2NR66UOYYzX5fOS4EXOVVIhdZIrFBbOeDMf"},"_chains":{"BbSVa8X1zh9aH0qiUrpTmCbDLVALeMiDMlp7LVqkG15k":{"chainKey":{"counter":11,"key":"rW3oXQZ/li3423JVrjtt1ZdEx+ha0ercAP/4wheT4XE="},"chainType":2,"messageKeys":{}},"Be0rsM1tljNxPnqVzXqgdFdRezeEw5FwzYLek4i6LApa":{"chainKey":{"counter":-1,"key":"86Giqsg7VwGVeOAYZbT/px7J7iKo1Fo5nDWDziEfePo="},"chainType":1,"messageKeys":{}}}}},"version":"v1"}