{"_sessions":{"BQ8RvrCfq5oqKS7W6JCItnXH6u2BceMM3IvV/Df8KKFn":{"registrationId":1982009229,"currentRatchet":{"ephemeralKeyPair":{"pubKey":"Bcxr3O2/XO0rt864l/NilJ3JgYgjz6FV4oQinoCKaVh1","privKey":"iHEq0UygEneHK5wAl3iv/JCOmCvp9Nrx/cO3PxCaVHk="},"lastRemoteEphemeralKey":"Be4o9vez8ksB3ERDqADfM5MV/SyRSE8Q7OvURmV7cccd","previousCounter":4,"rootKey":"HyRsa8oTVxKAemu4GMnXlm9ZvsAeZgH3/ntyRd0q9mM="},"indexInfo":{"baseKey":"BQ8RvrCfq5oqKS7W6JCItnXH6u2BceMM3IvV/Df8KKFn","baseKeyType":1,"closed":-1,"used":1725707848319,"created":1725690289435,"remoteIdentityKey":"BTIrrTq+R6cFn5Zx06Lq5iVF99cF4VjJt955S6sBT9FQ"},"_chains":{"Be4o9vez8ksB3ERDqADfM5MV/SyRSE8Q7OvURmV7cccd":{"chainKey":{"counter":0,"key":"7+yhZcTtw8s1chlwm27W0WlGXq9JhOzUEKspEd1J7sM="},"chainType":2,"messageKeys":{}},"Bcxr3O2/XO0rt864l/NilJ3JgYgjz6FV4oQinoCKaVh1":{"chainKey":{"counter":-1,"key":"enYx+apiJQSsQ0JTh280iDzLFPFQXoIadDfa4cGfuS4="},"chainType":1,"messageKeys":{}}}}},"version":"v1"}