{"_sessions":{"BX48Cj0liSFNksJkIl+j6CyWxlgSxBxc1ryAuUx/EXMl":{"registrationId":1974571696,"currentRatchet":{"ephemeralKeyPair":{"pubKey":"BWoaivO3mC9zMwkpkZShRdlttpg64yT3vXl2cYNUhQgl","privKey":"YLgbl9U33h9akBo1ylNHij+LG8/PwZ79tQEz2f7rz20="},"lastRemoteEphemeralKey":"BXzpCu19Zh8n/0zY+TgvmibZWcibcFuC7nEphAJ93fhi","previousCounter":0,"rootKey":"xQ5oBl4SxZT1osxyfw6S2THuQ3OPn2RH5Psd7+P0pIo="},"indexInfo":{"baseKey":"BX48Cj0liSFNksJkIl+j6CyWxlgSxBxc1ryAuUx/EXMl","baseKeyType":1,"closed":-1,"used":1725690289339,"created":1725690289339,"remoteIdentityKey":"BSvTTGul9cCkw0RIEPpYrAkHgtsqMM63khQRKZZ1v+pE"},"_chains":{"BWoaivO3mC9zMwkpkZShRdlttpg64yT3vXl2cYNUhQgl":{"chainKey":{"counter":4,"key":"WdMKctzRXyf9EYNwrItZzeVb4E2aFtL9bnH6Yq873eM="},"chainType":1,"messageKeys":{}}},"pendingPreKey":{"signedKeyId":1,"baseKey":"BX48Cj0liSFNksJkIl+j6CyWxlgSxBxc1ryAuUx/EXMl","preKeyId":6294}}},"version":"v1"}