{"_sessions":{"Bd87dtlMvNaLcwEuqTWdDtA1gwuRc+egTon0+mBWfwIa":{"registrationId":41,"currentRatchet":{"ephemeralKeyPair":{"pubKey":"BT6EgUJff48VZI32pjLdsGts7M0e+rCg8f8Rpylqtdgg","privKey":"yAO60nqq3yzhSeZapv6za+RY5Ix3VP3YnyapZ0sfqVI="},"lastRemoteEphemeralKey":"BdNt/4PDMPwE1VYV4xH8oUUMgICSIY/qRgzn4Ekmx9U4","previousCounter":0,"rootKey":"qFMIR4KwPPMNY9iVvdypb8BLpIqvt664w7VLE6AoDpo="},"indexInfo":{"baseKey":"Bd87dtlMvNaLcwEuqTWdDtA1gwuRc+egTon0+mBWfwIa","baseKeyType":1,"closed":1725688816029,"used":1725688816017,"created":1725688816017,"remoteIdentityKey":"BVdn3zwC/3XMk75E2dHkvZrU2orrYU/kvLC7wlE3GXUP"},"_chains":{"BT6EgUJff48VZI32pjLdsGts7M0e+rCg8f8Rpylqtdgg":{"chainKey":{"counter":0,"key":"tM41UjuV9bfTtX1pnnG2AaKzIIf/q93N4l/AfUR0jCk="},"chainType":1,"messageKeys":{}}},"pendingPreKey":{"signedKeyId":1,"baseKey":"Bd87dtlMvNaLcwEuqTWdDtA1gwuRc+egTon0+mBWfwIa","preKeyId":13}},"BTHOCTpp1Iwusv/WQ6y0QvGOeNiH9UxDvvzTsKeVla0a":{"registrationId":41,"currentRatchet":{"ephemeralKeyPair":{"pubKey":"BV3T1RNxA75FZt1NMDgUC6sMd6peplc2LuBbrGL4RmJf","privKey":"gH9XYoZD7KUjZzmG8vucq7UcF4fu5Cm/Xth3IErcYGA="},"lastRemoteEphemeralKey":"BdNt/4PDMPwE1VYV4xH8oUUMgICSIY/qRgzn4Ekmx9U4","previousCounter":0,"rootKey":"5qWlpv6HZoE9nyD3G6IK7Zkesam/EzftVkEDLFBVRGE="},"indexInfo":{"baseKey":"BTHOCTpp1Iwusv/WQ6y0QvGOeNiH9UxDvvzTsKeVla0a","baseKeyType":1,"closed":-1,"used":1725688816028,"created":1725688816028,"remoteIdentityKey":"BVdn3zwC/3XMk75E2dHkvZrU2orrYU/kvLC7wlE3GXUP"},"_chains":{"BV3T1RNxA75FZt1NMDgUC6sMd6peplc2LuBbrGL4RmJf":{"chainKey":{"counter":6,"key":"46UB7Tf/jdZRz/mwyjbzxy8h04HUIDH5VXu2g2Nbf/Y="},"chainType":1,"messageKeys":{}}},"pendingPreKey":{"signedKeyId":1,"baseKey":"BTHOCTpp1Iwusv/WQ6y0QvGOeNiH9UxDvvzTsKeVla0a","preKeyId":28}}},"version":"v1"}