{"_sessions":{"BdCB1GH4Mc7eJj562tVRhwphK7khwdpV5Q+46MwtJvBK":{"registrationId":47,"currentRatchet":{"ephemeralKeyPair":{"pubKey":"BWp6MxBYn2SH1QLGkcPwoq14xiXQ+fJAAD3I3e7lpJtB","privKey":"mGrnlE8SH/+okUhveA66eeGGuDYmEMap4XGMZoFMeVU="},"lastRemoteEphemeralKey":"BYra7mZa456Jt0QepQ+sb43qF1GJ/bzUDC/l4rhMFR4J","previousCounter":0,"rootKey":"k2fnDg8NVuWvOIrV9Dj2q9qIynNKkZPWiOJGMoqnZro="},"indexInfo":{"baseKey":"BdCB1GH4Mc7eJj562tVRhwphK7khwdpV5Q+46MwtJvBK","baseKeyType":1,"closed":-1,"used":1725690289321,"created":1725690289321,"remoteIdentityKey":"BSpi6qZnJyrGbaFV422nb9gbbocGXS4eCv/mUy76PTlD"},"_chains":{"BWp6MxBYn2SH1QLGkcPwoq14xiXQ+fJAAD3I3e7lpJtB":{"chainKey":{"counter":4,"key":"n7vfnhqNHMXnTFSe+6q7M0d2z1sb5JvYJrNFwawLWuA="},"chainType":1,"messageKeys":{}}},"pendingPreKey":{"signedKeyId":1,"baseKey":"BdCB1GH4Mc7eJj562tVRhwphK7khwdpV5Q+46MwtJvBK"}}},"version":"v1"}