{"_sessions":{"BSmEf8E4rIwAEJewuaumM497eHVLren4V0JonJ9VDdBb":{"registrationId":145733737,"currentRatchet":{"ephemeralKeyPair":{"pubKey":"BTi/M8vzMyfJfm08fzzAU+UW3Kt8e/ZaDj99SWNQEjVo","privKey":"OLyE6XTpHdTnluj0qyoGJVXc7Kx5H3wI4lcCVOHSlFU="},"lastRemoteEphemeralKey":"BYAJImbvMgDZhT+HIqYtvvpfzLh+EFtEuchEboCy3oYG","previousCounter":4,"rootKey":"oZ/Z2XWoJe5uail1x4EJ3mwlgZQGu4gzzlIED7OnJFo="},"indexInfo":{"baseKey":"BSmEf8E4rIwAEJewuaumM497eHVLren4V0JonJ9VDdBb","baseKeyType":1,"closed":-1,"used":1725707846790,"created":1725690289410,"remoteIdentityKey":"Bd6T6vVGLrAmvIzU3fJOAH7HSDv4XGCoefR+5o5LFg5A"},"_chains":{"BYAJImbvMgDZhT+HIqYtvvpfzLh+EFtEuchEboCy3oYG":{"chainKey":{"counter":0,"key":"0/UeJH6l11n04/c3uEs1qa8P7HZJjiucFTke/ze1e6w="},"chainType":2,"messageKeys":{}},"BTi/M8vzMyfJfm08fzzAU+UW3Kt8e/ZaDj99SWNQEjVo":{"chainKey":{"counter":-1,"key":"jIW0T4Nnjos1k9Qgjc80sw8kX2BPjNNji7FdcA7210Y="},"chainType":1,"messageKeys":{}}}}},"version":"v1"}