{"_sessions":{"Bc1GnRY/3A99QE5Ol3Uo2Y5IAsLfe/14mn+s7jAM5dRK":{"registrationId":68,"currentRatchet":{"ephemeralKeyPair":{"pubKey":"Bcf7vMvOzOzAKjcum0FvPfuGkPZVWmTiaVxztUTlPBch","privKey":"kLE3IpZRvTJWrihubQ1RmCmi7lvadVAmzFdO1+vou0Y="},"lastRemoteEphemeralKey":"BWl4SzOzfxD1RVcx+3i3te07i9aiV/njm6aJlXrJ2Foy","previousCounter":0,"rootKey":"n92DfmjyO2E0u/YjxSYU6FrfxbtNvLosxImXs6hNovc="},"indexInfo":{"baseKey":"Bc1GnRY/3A99QE5Ol3Uo2Y5IAsLfe/14mn+s7jAM5dRK","baseKeyType":1,"closed":-1,"used":1725690289312,"created":1725690289312,"remoteIdentityKey":"BQBRmUGJZnukgNpx5RRe0IMZE1ISgrx5XpA+b8O7G6F1"},"_chains":{"Bcf7vMvOzOzAKjcum0FvPfuGkPZVWmTiaVxztUTlPBch":{"chainKey":{"counter":4,"key":"EQknsa1nZM6G3d6CCyUSYeb+EugECwu7BPOZEnQiwus="},"chainType":1,"messageKeys":{}}},"pendingPreKey":{"signedKeyId":1,"baseKey":"Bc1GnRY/3A99QE5Ol3Uo2Y5IAsLfe/14mn+s7jAM5dRK"}}},"version":"v1"}