{"_sessions":{"BXllMZOxa8B54BGvvWUEjuXVh3eSCqUaR4gIvEzZ/bMF":{"registrationId":1246239543,"currentRatchet":{"ephemeralKeyPair":{"pubKey":"BbukeCZdemZWMsZVejr9ygBC9X2qk8w+6JdV51vGY9c2","privKey":"eHbLdrR7WnZo04rdvCdI70FkGVVTHRSm/o4lbowi2XY="},"lastRemoteEphemeralKey":"BePEHtEFiSsOPxVpS5T0+ZSYBsXgHtm0Wy6v2LdiAolL","previousCounter":5,"rootKey":"irVtffiYx1b7U/viqUQP0MeGcZ8Ob9pkTE5GgFphl6I="},"indexInfo":{"baseKey":"BXllMZOxa8B54BGvvWUEjuXVh3eSCqUaR4gIvEzZ/bMF","baseKeyType":1,"closed":1725690290518,"used":1725690333979,"created":1725688057094,"remoteIdentityKey":"BbyhiwL0jDlZ0KGRfJKzpZsuJ2x4HpleLgvlCoSb3TBc"},"_chains":{"BZbgG1UwTHY+fJuao5WoTVQAC9hf+kGz8KPXPh/uUn9f":{"chainKey":{"counter":6},"chainType":2,"messageKeys":{}},"BSt7AT1P+MfI4AjIjO2NY0F9p4OnOCEEysT/HnwQwhMT":{"chainKey":{"counter":0},"chainType":2,"messageKeys":{}},"BT2ZX6gCfkVz7h1Y8fJonW5HwGgtUfGHZRdgbXyv0KA+":{"chainKey":{"counter":0},"chainType":2,"messageKeys":{}},"BXPOQrByjmXCcvmmQmMXe6OwD4ywXd92Gsj0esdVzAMd":{"chainKey":{"counter":0},"chainType":2,"messageKeys":{}},"BSN6pcO6Y8OQjZHERP1xuErRw3zJa+omUiHywRqb2l1T":{"chainKey":{"counter":0},"chainType":2,"messageKeys":{}},"BWbxjcOZm6Lo3MlOJ5UxNG1yVd3nmn94ZtWgx/ABeSAL":{"chainKey":{"counter":0},"chainType":2,"messageKeys":{}},"BYOZZSg2rXTbLbb+yGemUMb3zLHC4Csrukt8c3olwIxA":{"chainKey":{"counter":0},"chainType":2,"messageKeys":{}},"BTwWzyFAGavFesEoqo9jwJaUappTJQ5leB3RCzD8mBtZ":{"chainKey":{"counter":0},"chainType":2,"messageKeys":{}},"BS5WaLc1COxD+Q2l4gm2c3WfYTStPMmDVztdsCsjkZxJ":{"chainKey":{"counter":0},"chainType":2,"messageKeys":{}},"BT1gxjPYALKfJv1waUKeXjvDgdIflC8q+LsPE8rSCeAc":{"chainKey":{"counter":0},"chainType":2,"messageKeys":{}},"BeQflMqrWicMMjRRyJI10q1QZXyPzrbaHnH5ZpRBMlAQ":{"chainKey":{"counter":0},"chainType":2,"messageKeys":{}},"BRBNP7rMq+i7bWOzw0SC0H8lsHVA99g3gjX29iisEIVW":{"chainKey":{"counter":0},"chainType":2,"messageKeys":{}},"BRSHlIGG0yoK1bKNHK3VrI2HtL1k4v7gU2bA2+cOs3I3":{"chainKey":{"counter":0},"chainType":2,"messageKeys":{}},"BYxIJ9snuVvTswyAM6UHuXy8PVsOza/OlDMOMXhjCTYc":{"chainKey":{"counter":1},"chainType":2,"messageKeys":{}},"BX0BC3zM3qVjBnoWZNrCp+/Z+JZ0bnsuBRqX+foqYitG":{"chainKey":{"counter":0},"chainType":2,"messageKeys":{}},"BQsE11ADSDqpTBM7kxtGlDUm/Nqg1z8v6o1VyEyDNMIc":{"chainKey":{"counter":0},"chainType":2,"messageKeys":{}},"BXFvECPxkoQZNUckqo+/l5TbotZmhiY5gQWjUc3cL2cj":{"chainKey":{"counter":0},"chainType":2,"messageKeys":{}},"BQqgyFfZhS4FaPHWmbGC/7ywaLRIrYRv3PCd5AsCtJwL":{"chainKey":{"counter":10},"chainType":2,"messageKeys":{}},"BQ5ScIdoTM6kAGrbHaj8J3Bs2KZPQcBMg0n/r/ziRD1G":{"chainKey":{"counter":2},"chainType":2,"messageKeys":{}},"BcgTbI9+ePzXk04dZUagMV3cw3kXbOkm4iHKF4Qz2Hg2":{"chainKey":{"counter":2},"chainType":2,"messageKeys":{}},"BTi0Et2ZbRKgsQuAiuryiuhOUW+/GOjjvCinPBmQIDMp":{"chainKey":{"counter":14},"chainType":2,"messageKeys":{}},"BX3cbaok63xjXqAVT9hsIP1spLclhiVtMtv/oLSsZ35j":{"chainKey":{"counter":0},"chainType":2,"messageKeys":{}},"BfmT+24bvZB4ZQraD3ICdJniqb1rtm08tbFpdORQck97":{"chainKey":{"counter":0},"chainType":2,"messageKeys":{}},"BePEHtEFiSsOPxVpS5T0+ZSYBsXgHtm0Wy6v2LdiAolL":{"chainKey":{"counter":8,"key":"1Ufi2xRRUB1Cs9CICZaj5FByVep0vU5eW8v7PqT9Ev4="},"chainType":2,"messageKeys":{}},"BbukeCZdemZWMsZVejr9ygBC9X2qk8w+6JdV51vGY9c2":{"chainKey":{"counter":-1,"key":"UZZDQqIO379IDT6o10bpqAgnksJMqn1osoBaW3DUxWk="},"chainType":1,"messageKeys":{}}}},"Bc5FdX05KaF5RAuWHbmTU96NC0SFALKQUOW3ubXcLjxL":{"registrationId":1246239543,"currentRatchet":{"ephemeralKeyPair":{"pubKey":"BcTSRsehXsf2Ia+2CF1LmCw472V0avAGO5glRtRwJ7he","privKey":"gMZ5FBWqDgZk+oXFJxo1PQ4VAHvQBXvlaNBQ+uQZM1s="},"lastRemoteEphemeralKey":"BePEHtEFiSsOPxVpS5T0+ZSYBsXgHtm0Wy6v2LdiAolL","previousCounter":-1,"rootKey":"jQ2nf3Gm2rya8+dy4DyvFJcXiU3FzYZWairBVF5FNHk="},"indexInfo":{"baseKey":"Bc5FdX05KaF5RAuWHbmTU96NC0SFALKQUOW3ubXcLjxL","baseKeyType":1,"closed":1725690291898,"used":1725690290512,"created":1725690290512,"remoteIdentityKey":"BbyhiwL0jDlZ0KGRfJKzpZsuJ2x4HpleLgvlCoSb3TBc"},"_chains":{"BePEHtEFiSsOPxVpS5T0+ZSYBsXgHtm0Wy6v2LdiAolL":{"chainKey":{"counter":7,"key":"ylIqQf7iJARzSuZoa+pgOJhFW4fjH4jewDxz54DPOI4="},"chainType":2,"messageKeys":{"0":"Miq02Hmq7bj33KZGmlk/jSRbH/vFAbLLq0mlWOYJr+Y=","1":"637E4HzJrsKBamkwNw1NxIF/U5Qto7UkkA4UkFSXrVI=","2":"EIbHD4y/3+LX623eMKHoL2wjouwLKLxgtRUJssAYkZk=","3":"5e009/tJAODuWcfBFH8RSYMFR1SNNjdl+PTBA4L0ovI=","4":"Fa09BxPQRLGnJTHpGz+3zPnnZCkv4U0ZSPmOup3FoDk=","5":"sjOjH2ZvTJtdSvfWu9KaHu66KkEugF+CbBMmjOK+yIs=","6":"vTQZnC0V0X5eG7fVzLajOPw6mw1aqc2DpoNlWhTXwYY="}},"BcTSRsehXsf2Ia+2CF1LmCw472V0avAGO5glRtRwJ7he":{"chainKey":{"counter":-1,"key":"GE1oxKO4oXxYhRB7Q21xfexGdbCrS8ToafRe8ZyYqPo="},"chainType":1,"messageKeys":{}}},"pendingPreKey":{"signedKeyId":4,"baseKey":"Bc5FdX05KaF5RAuWHbmTU96NC0SFALKQUOW3ubXcLjxL","preKeyId":5773181}},"BSgNKBSlNtplq0grKmbckThIK1AlYRbIxqdWe7O5jjJ0":{"registrationId":1246239543,"currentRatchet":{"ephemeralKeyPair":{"pubKey":"BeF/ohS4FV93meQMkiwFVQvLuqvj7nc2cbogAR493N54","privKey":"+FHITkY0sXnOyftjHoSfW1fZWiz2npUSPf8h1F+MHGY="},"lastRemoteEphemeralKey":"BePEHtEFiSsOPxVpS5T0+ZSYBsXgHtm0Wy6v2LdiAolL","previousCounter":-1,"rootKey":"5TJh94P63fnQLa5okf7X2GY3AEpSQED3zyTsDBcg+wk="},"indexInfo":{"baseKey":"BSgNKBSlNtplq0grKmbckThIK1AlYRbIxqdWe7O5jjJ0","baseKeyType":1,"closed":1725690301678,"used":1725690291895,"created":1725690291895,"remoteIdentityKey":"BbyhiwL0jDlZ0KGRfJKzpZsuJ2x4HpleLgvlCoSb3TBc"},"_chains":{"BePEHtEFiSsOPxVpS5T0+ZSYBsXgHtm0Wy6v2LdiAolL":{"chainKey":{"counter":7,"key":"xx0Nx7doOd7WkuAE8AoOKvgAfj7Ofj2QD0qwXHlHzJM="},"chainType":2,"messageKeys":{"0":"aZ/dl/Z12m1HvX0UmRF2uefyrsK2T9UFvt+uDSmL/lU=","1":"pTWkVn7yt0iEcrRuf04ouYrwoKGwC4+bGvUSAB4pTjk=","2":"clFc9MhggqDEzv43+yWTALQKOa/ItDkGn2kWU8nqvHc=","3":"S38tz61wsBlydxmSz4naEfDTIUP+Hc6vUhvFfRLFjGM=","4":"IKHfzNp3ZX7UUIl7KecwOuYuWqKgoD3caLo5kPduVyI=","5":"7fZm5ZNF08CoTWyXsKGz8l/itwSwvD6Lym2s6xRjsxc=","6":"vc26B+tWzspitdedbqyZxM7yIA/Ox+L9kFwN3wWNWqk="}},"BeF/ohS4FV93meQMkiwFVQvLuqvj7nc2cbogAR493N54":{"chainKey":{"counter":-1,"key":"GM6jWL0/uY6VZXq7Hb9mSXCIBuSdnMkEa/AmnOBjCic="},"chainType":1,"messageKeys":{}}},"pendingPreKey":{"signedKeyId":4,"baseKey":"BSgNKBSlNtplq0grKmbckThIK1AlYRbIxqdWe7O5jjJ0","preKeyId":5772410}},"BWlirh3FXX1W9xPDCBCqVEwT8dZh+CopSZwpqvkq48Fd":{"registrationId":1246239543,"currentRatchet":{"ephemeralKeyPair":{"pubKey":"BYCrUmhyRzjdXWVXOdgPxlwQ2b6KjXz/lFXcGxkbrxMa","privKey":"IM+S/2ndUmFaFkezCwdr25oipJLLpddfaCL3vN51oHY="},"lastRemoteEphemeralKey":"BePEHtEFiSsOPxVpS5T0+ZSYBsXgHtm0Wy6v2LdiAolL","previousCounter":-1,"rootKey":"qLRnM9VH5jWtoDn4CcFDkW8XyBiKpTxexFEnWKCK2R0="},"indexInfo":{"baseKey":"BWlirh3FXX1W9xPDCBCqVEwT8dZh+CopSZwpqvkq48Fd","baseKeyType":1,"closed":1725690303401,"used":1725690301675,"created":1725690301675,"remoteIdentityKey":"BbyhiwL0jDlZ0KGRfJKzpZsuJ2x4HpleLgvlCoSb3TBc"},"_chains":{"BePEHtEFiSsOPxVpS5T0+ZSYBsXgHtm0Wy6v2LdiAolL":{"chainKey":{"counter":7,"key":"FlTQfl0Rf8IjgG1isdxEJOC0RddvDvflLDtpAcuZDSk="},"chainType":2,"messageKeys":{"0":"xcwUb1MN98hocHFgw2UXs2P1/ZA+Ux7887zlbfzMPCg=","1":"xPTgX0RmFsdisU8CsPEQI0oCF/L3EGhHjsrWJpxfxNU=","2":"9Op/SYDJJfo3vLfIpPum270Eck3aGHhUeQXWtTz7qwg=","3":"bqm9OAt1Rb1V6ab6Kb3Oqw72mZy16SWCqDzmF6jTxGk=","4":"7hcSHN7BcGIp75k949xTgGXI3ybs1lTKj/Xj3hX8GCE=","5":"l8DoxhBpjdfeSrU/gfYoXLJwCWupe0miVRItrMPu2H0=","6":"VZ3Nzozyywj5xOdqCcv3c2b6lIMQihYGk9OMA5RLMus="}},"BYCrUmhyRzjdXWVXOdgPxlwQ2b6KjXz/lFXcGxkbrxMa":{"chainKey":{"counter":-1,"key":"FyMaL/GrNIUNNU3ap1KGhRJgJ3gj5xpqrgd/DbwktMA="},"chainType":1,"messageKeys":{}}},"pendingPreKey":{"signedKeyId":4,"baseKey":"BWlirh3FXX1W9xPDCBCqVEwT8dZh+CopSZwpqvkq48Fd","preKeyId":5772418}},"BekRzYCOwicYgXHSSZQzuNuk9vzKdFsK3OaGehCMwxsQ":{"registrationId":1246239543,"currentRatchet":{"ephemeralKeyPair":{"pubKey":"Bfk48lFAUmFpg9tqyJIHfpn7ienn0/uw4FMAzLay7JEW","privKey":"0IOvMgjaHoS2WqwRDdG2BIAngtLEYUGzoYPkaLWv2UM="},"lastRemoteEphemeralKey":"BePEHtEFiSsOPxVpS5T0+ZSYBsXgHtm0Wy6v2LdiAolL","previousCounter":-1,"rootKey":"0ptsnJJ2xQ8n+fWPq0Ljj+HZslASHz3ijd7Cqm44b0c="},"indexInfo":{"baseKey":"BekRzYCOwicYgXHSSZQzuNuk9vzKdFsK3OaGehCMwxsQ","baseKeyType":1,"closed":1725690305891,"used":1725690303399,"created":1725690303399,"remoteIdentityKey":"BbyhiwL0jDlZ0KGRfJKzpZsuJ2x4HpleLgvlCoSb3TBc"},"_chains":{"BePEHtEFiSsOPxVpS5T0+ZSYBsXgHtm0Wy6v2LdiAolL":{"chainKey":{"counter":7,"key":"Eykr65mmMGto4f6sE3Q7qTz4eevsrp2ePTiLW2w85m8="},"chainType":2,"messageKeys":{"0":"9O/v5nWwPndULsuO3UJLCA3xsdytainbW6JMw77uGuo=","1":"EuO5bRJde94pBJFqs8+yghIGCpdNI6vEThPB+Mw9g84=","2":"hEZGsVnsjh0FRsUfT9Cr5RSsCMTFxXM9jEpz+WVuc/4=","3":"u8b27wFQqKJ/4V5w+gBcHtZ4dCcn2qOAe0WCZIlmI1o=","4":"8nwx6C1wIYiA7toMK6eG2gXI92FoJbTgSmgON+74Yto=","5":"9/lB/P5tSEHJsqX/Ht4zXz6zogapHr6LCIaVw1exBa4=","6":"cnYT396PT/5uz0RhizMB1xE1/8gO6H4Wxik3Y8GRptw="}},"Bfk48lFAUmFpg9tqyJIHfpn7ienn0/uw4FMAzLay7JEW":{"chainKey":{"counter":-1,"key":"ur7HEwpaUZTyG6aWcc0eZPaCSlq2PQ7LCGZJSQ+squ4="},"chainType":1,"messageKeys":{}}},"pendingPreKey":{"signedKeyId":4,"baseKey":"BekRzYCOwicYgXHSSZQzuNuk9vzKdFsK3OaGehCMwxsQ","preKeyId":5773145}},"Bd98dWXdrh42ZW0f6nB6P8JrkXW1guif4FyrCPHY/6RU":{"registrationId":1246239543,"currentRatchet":{"ephemeralKeyPair":{"pubKey":"BYfrLEJSHd2rGb0WI/AHk6LXu3sBp/sfqhcCttg2DX8o","privKey":"oHLlaDNEzYrwkYl672TYiAiMU1jBhVaVZMlMllay0kw="},"lastRemoteEphemeralKey":"BePEHtEFiSsOPxVpS5T0+ZSYBsXgHtm0Wy6v2LdiAolL","previousCounter":-1,"rootKey":"hwdNO6kK2uGrnYcnRsOUwrfbqgRh5fn/Vxx4LeR8cew="},"indexInfo":{"baseKey":"Bd98dWXdrh42ZW0f6nB6P8JrkXW1guif4FyrCPHY/6RU","baseKeyType":1,"closed":1725690308305,"used":1725690305889,"created":1725690305889,"remoteIdentityKey":"BbyhiwL0jDlZ0KGRfJKzpZsuJ2x4HpleLgvlCoSb3TBc"},"_chains":{"BePEHtEFiSsOPxVpS5T0+ZSYBsXgHtm0Wy6v2LdiAolL":{"chainKey":{"counter":7,"key":"ysB/rrwrXVqJVJKA4VGhW9UUxBRjKVT1AAg/LOSbgRI="},"chainType":2,"messageKeys":{"0":"TKN9i+8iKd/89KUmaBRDdVwucO4LLfrdJtUyS88nZrY=","1":"KAg2YbtV5JWtV1GYbgdRQT9eXL+yWV3x5/NT5cd4OHE=","2":"1Jhcy8BPU5rZSXQKkN9awUIXkqmRHtuAT851FXM5OC4=","3":"fNuW/tRo55GXamJyR5IUrFEMb4nS4vZBJn3xyCfPa7c=","4":"fKog52ccI6UephQUVID/1aN+LCcq8KmbP+XQ7ILvcyw=","5":"IYcU71Xn5XugXOaMcim8teHHtY5ZnXabjGva/8e1isY=","6":"/mzrlEe+35Wd+4I2bicwSy+ChfcZw0KaVOh3iyxHeh4="}},"BYfrLEJSHd2rGb0WI/AHk6LXu3sBp/sfqhcCttg2DX8o":{"chainKey":{"counter":-1,"key":"jId+DqmpQSHtbNogfOl37d6mxjJlBD7mm+EolnHOJGU="},"chainType":1,"messageKeys":{}}},"pendingPreKey":{"signedKeyId":4,"baseKey":"Bd98dWXdrh42ZW0f6nB6P8JrkXW1guif4FyrCPHY/6RU","preKeyId":5773093}},"BaUxdLv7fVVqMhTTpYKEgtEQ85QsIV91bFrh27HqEJlq":{"registrationId":1246239543,"currentRatchet":{"ephemeralKeyPair":{"pubKey":"BQtapI5lvbEMNkn4V54MtfdH/dnj2HugW5qwG6kwY08g","privKey":"aKqTLScC1tRvI6o4wtzDCyevEhzyMk5vu7af68P1Ymg="},"lastRemoteEphemeralKey":"BePEHtEFiSsOPxVpS5T0+ZSYBsXgHtm0Wy6v2LdiAolL","previousCounter":-1,"rootKey":"h343jJUUJdm47EaQJN4gq4TgP1B0UbgW5M8VvoVFJqo="},"indexInfo":{"baseKey":"BaUxdLv7fVVqMhTTpYKEgtEQ85QsIV91bFrh27HqEJlq","baseKeyType":1,"closed":1725690335945,"used":1725690308304,"created":1725690308304,"remoteIdentityKey":"BbyhiwL0jDlZ0KGRfJKzpZsuJ2x4HpleLgvlCoSb3TBc"},"_chains":{"BePEHtEFiSsOPxVpS5T0+ZSYBsXgHtm0Wy6v2LdiAolL":{"chainKey":{"counter":7,"key":"zOXgi4OMjhMDSygmO3rUJE3iRc/EpJS80q7TqxTZnPY="},"chainType":2,"messageKeys":{"0":"WR0EttRVKLRqFuOFtPYN/C5+xxRjPdGRFf6EjH2uTHM=","1":"3aN556VtsRJpO6eQ8Drv+a2OYd56ZQECBEaa7CIv3Xg=","2":"LDPIRj6QfdcTP6XaCp5wcmC8jHhbSorB/dbRzjKirxQ=","3":"L51yefvlTbLNlQCxW1ekWfMniHjH3rG5AUkbbeVVsGw=","4":"dRDEb5tBCuu6ZHykPPmeXcxZpewgDGpdtJHbI9C7QrI=","5":"9ySQLWRbXfsTQDgon66HYqfTYZfrbaaPxn/P/D+aSVE=","6":"auzHuS70+ibXJHt2Q1EeAXUjLAGFhp+g7+gRyYIKhmE="}},"BQtapI5lvbEMNkn4V54MtfdH/dnj2HugW5qwG6kwY08g":{"chainKey":{"counter":1,"key":"m0jGT/zsL6juURVjLjyOwMs9lKSofqdMqvpYdVWVoBA="},"chainType":1,"messageKeys":{}}},"pendingPreKey":{"signedKeyId":4,"baseKey":"BaUxdLv7fVVqMhTTpYKEgtEQ85QsIV91bFrh27HqEJlq","preKeyId":5772400}},"BbzMgtQTTr13aEAVQVX8wlATkOjIKLZL4ILDgnYF8FBo":{"registrationId":1246239543,"currentRatchet":{"ephemeralKeyPair":{"pubKey":"BaA4rDZMbDGR3KUEBGj8cdb1nJVGLsCUmDcTqpk7cFVN","privKey":"iCFIrKKV2URO9As2mgjm3BikEXAULwcHeZwJ539xkkM="},"lastRemoteEphemeralKey":"Be0ka6Ts/MN9IyTWhVKiioFxvk4YJuWcXgkX0Xifn41p","previousCounter":0,"rootKey":"xqa4LKOvTdU48+/PN1yMQxWV5l1PAF7x10kEefQFBdE="},"indexInfo":{"baseKey":"BbzMgtQTTr13aEAVQVX8wlATkOjIKLZL4ILDgnYF8FBo","baseKeyType":1,"closed":1725690336936,"used":1725690335943,"created":1725690335943,"remoteIdentityKey":"BbyhiwL0jDlZ0KGRfJKzpZsuJ2x4HpleLgvlCoSb3TBc"},"_chains":{"BaA4rDZMbDGR3KUEBGj8cdb1nJVGLsCUmDcTqpk7cFVN":{"chainKey":{"counter":-1,"key":"UULnw39CtzQuQVyU9+5jBAkcjtQP+MJg95/TbviIesQ="},"chainType":1,"messageKeys":{}}},"pendingPreKey":{"signedKeyId":4,"baseKey":"BbzMgtQTTr13aEAVQVX8wlATkOjIKLZL4ILDgnYF8FBo","preKeyId":5773192}},"BedCRfHxBs9tZKVoZX9d4glSZusyvmdKNkh1nyr9E65+":{"registrationId":1246239543,"currentRatchet":{"ephemeralKeyPair":{"pubKey":"Bd7+CcY4JJUKe7G3fVQpR8hxFuABINzPviDKIE2+bFYt","privKey":"KJbcU3jeAzqJoV43fsZN40/6Q+POrUGE+vUmbEAM01w="},"lastRemoteEphemeralKey":"BQOU5t9ilpl6pzRk1bYgUd6prZdiIxlcXka9cIHRkR9G","previousCounter":17,"rootKey":"c4UGsp3vBKFJXBxKMyprfe2bM2Gbz4+PkcYc4DBa/wQ="},"indexInfo":{"baseKey":"BedCRfHxBs9tZKVoZX9d4glSZusyvmdKNkh1nyr9E65+","baseKeyType":1,"closed":1725712731264,"used":1725707883516,"created":1725690336934,"remoteIdentityKey":"BbyhiwL0jDlZ0KGRfJKzpZsuJ2x4HpleLgvlCoSb3TBc"},"_chains":{"BcU/BC57Io9L/58Lxm6z242gVZ6iOAhglvk6ilgjYZAI":{"chainKey":{"counter":0},"chainType":2,"messageKeys":{}},"BWo7kLwVK8LQAd2inaONG5yq4Uom5TI2DeVa+D9ecSxn":{"chainKey":{"counter":1},"chainType":2,"messageKeys":{}},"BWxlQ1C3nidfgmvAX2jMw63QCvURD7U5y2Bnfj0Br2Nr":{"chainKey":{"counter":0},"chainType":2,"messageKeys":{}},"BeV3PiYbf6TkkH54ptJixs7KUbhXY4WTLCyieZVsa216":{"chainKey":{"counter":0},"chainType":2,"messageKeys":{}},"BXeg8mvST019zo6trlvJVMDpBu/gafgJm0X8vKb8NDEL":{"chainKey":{"counter":0},"chainType":2,"messageKeys":{}},"BYhshIGTGNC72soz2hfbmxu8VphFERlzpr+DAw7bWXF+":{"chainKey":{"counter":1},"chainType":2,"messageKeys":{}},"BXluTXe1nCBv8I/lbHqGbHFo9VvbA5TShTVnqQlzRxM3":{"chainKey":{"counter":0},"chainType":2,"messageKeys":{}},"BTt8tiKRUkKu4HVyIQfkjO/jpoDT5HTBw4ysrtFBFKkw":{"chainKey":{"counter":2},"chainType":2,"messageKeys":{}},"BRFXxaTZahqwQDOf9SbHnGsDuqcz7WXHMt9d8SrcRyRC":{"chainKey":{"counter":3},"chainType":2,"messageKeys":{}},"BcDkKWcZi2iDBIlee4q0zW8ScPVeO5rudAp38E6+xpEG":{"chainKey":{"counter":0},"chainType":2,"messageKeys":{}},"BZ7JS54llsVk5gjHuSh3Db0oalHrzM1blBhnlKgzdmZj":{"chainKey":{"counter":0},"chainType":2,"messageKeys":{}},"BccGYtG+InoTNaNmc9MaWDw3z/0GPEVcbdmlc7VxiCJb":{"chainKey":{"counter":0},"chainType":2,"messageKeys":{}},"BalVTe3NbSeuhW72nUBsHazl7hf/5h5TeJShOecJyE5d":{"chainKey":{"counter":0},"chainType":2,"messageKeys":{}},"BeteFewW45bjZavRtTj7VPSNjpZiqQaQ9k9t0TmDS9In":{"chainKey":{"counter":0},"chainType":2,"messageKeys":{}},"BbdyeYFs4tSj2VYZf1Rc84LMgwVFAHKcrjH1dls5HBdj":{"chainKey":{"counter":0},"chainType":2,"messageKeys":{}},"BcYH+EXFb2+qu8T0InGl9dFlGW5OcYBqGLTP0iKers43":{"chainKey":{"counter":0},"chainType":2,"messageKeys":{}},"BU/Y6/OrPj+nBDeyUACS9LBnMEtJENdZD8VhauucSIZc":{"chainKey":{"counter":0},"chainType":2,"messageKeys":{}},"BSG8OEIEqjbiDaKnmhDrVjxtc6yeMGcZDYqUgUKXt2YT":{"chainKey":{"counter":0},"chainType":2,"messageKeys":{}},"BZwyJdPO1QINwq/K/b0KZg3aUIiSlBTJxWcw81EjogIj":{"chainKey":{"counter":0},"chainType":2,"messageKeys":{}},"Bbgu9CK3GStX8nU2kY+cnj/3flF6c53REtTxgF2srdU8":{"chainKey":{"counter":0},"chainType":2,"messageKeys":{}},"BebiWj0rKMSpTUv5Ki5vLjiPmubPScpWfX53J2aLiMFD":{"chainKey":{"counter":0},"chainType":2,"messageKeys":{}},"BRiRGuf+mSBJFylg4ZwlLQTuD5h9nz6qTm34TKJrHvV9":{"chainKey":{"counter":0},"chainType":2,"messageKeys":{}},"BfspovvsRT4nu0/yVd2BwjnVdpLQDBNImpbTqg13jSRV":{"chainKey":{"counter":0},"chainType":2,"messageKeys":{}},"BVqqa9dxfjvfelSmnzP8KGm2Yc25SYdKWdjK056O8LUk":{"chainKey":{"counter":0},"chainType":2,"messageKeys":{}},"BerXRwYoKhwNcSlX0t+pSKwCfikrO0xmKHHzQFpG4M40":{"chainKey":{"counter":0},"chainType":2,"messageKeys":{}},"Bag/rxA4/5AQpPW4EYEmZKZ4yk+258OA52S5rIZYNNdy":{"chainKey":{"counter":0},"chainType":2,"messageKeys":{}},"BTHrSd50VVfZWDrOoqynaVYopn0mOyzRXuJ0xT8a/HJl":{"chainKey":{"counter":0},"chainType":2,"messageKeys":{}},"BaofUNrmkKA92bpcfxVDPH7OU0w6I5X5wIXXB6Gc13ct":{"chainKey":{"counter":24},"chainType":2,"messageKeys":{"0":"20i2aFjcT/2wHU4WzWcyHi8ZPbNWNX3SuAGdBn2GP70=","1":"wdnwaaDJSCR1T3eS+ZTZ9VyR2BNJvDClrxZW6IaBXbY="}},"BQOU5t9ilpl6pzRk1bYgUd6prZdiIxlcXka9cIHRkR9G":{"chainKey":{"counter":20,"key":"k3+Pcn01e7znUJ9/0FncE+yGzH/hy8ORjEPaZfc420U="},"chainType":2,"messageKeys":{}},"Bd7+CcY4JJUKe7G3fVQpR8hxFuABINzPviDKIE2+bFYt":{"chainKey":{"counter":8,"key":"vMsSn+9RpomsJBWJklzQDFoOxwl2UF9q3T9wdMc+sp4="},"chainType":1,"messageKeys":{}}}},"BTcEWdIz3PewFv5r3FJHp+PTnjCWjokM3ZWUPmo0lDI6":{"registrationId":1246239543,"currentRatchet":{"ephemeralKeyPair":{"pubKey":"BbtJql2xY1bAmJSCKiBcYDgdciTG8Mr6Gz7MdK535ogg","privKey":"6OwzKGdSdFsB2ddNixR0k3IMeC00X43nJWxhbD9SWVk="},"lastRemoteEphemeralKey":"BShguf+WBQ8S79k0ddQV6VKWL3Uuvgv1IHYrOB04DyBe","previousCounter":5,"rootKey":"FYP2S/iaClRgB2GyMsbwn9+YCnDBbnqLwZy6SdIT2rY="},"indexInfo":{"baseKey":"BTcEWdIz3PewFv5r3FJHp+PTnjCWjokM3ZWUPmo0lDI6","baseKeyType":2,"closed":-1,"used":1725713557312,"created":1725712731271,"remoteIdentityKey":"BbyhiwL0jDlZ0KGRfJKzpZsuJ2x4HpleLgvlCoSb3TBc"},"_chains":{"BbKRu6cFGcIGS/Ad6cPq0+3xRm7cZqejbiu2d+B/tvdB":{"chainKey":{"counter":1},"chainType":2,"messageKeys":{}},"BU40qocNMSQRvsyl9sWG7R7qUdTU6evh9Zo6Oxc00Vs1":{"chainKey":{"counter":0},"chainType":2,"messageKeys":{}},"BXqofq53vgDjluBZiG3kyYE0pjyxfSaE6BY9RMR/35QF":{"chainKey":{"counter":0},"chainType":2,"messageKeys":{}},"BSb6KKsAhbUknzmKxBe/v+bpVWPdriQsnL9Q2+JwCHw1":{"chainKey":{"counter":0},"chainType":2,"messageKeys":{}},"BShguf+WBQ8S79k0ddQV6VKWL3Uuvgv1IHYrOB04DyBe":{"chainKey":{"counter":0,"key":"+IIDH48yBDveSpZjhUEsD9tfXB30U5DNJq6sn37ki08="},"chainType":2,"messageKeys":{}},"BbtJql2xY1bAmJSCKiBcYDgdciTG8Mr6Gz7MdK535ogg":{"chainKey":{"counter":3,"key":"qZW280PP0Um8tJ25QTnJ1VwoOTNXfsyrdrdbkRvM5uI="},"chainType":1,"messageKeys":{}}}}},"version":"v1"}