{"_sessions":{"BU0sG84fV9J0QnQQX2ZD+ht6vYZk2rLMQzXA2EH4oEIl":{"registrationId":198,"currentRatchet":{"ephemeralKeyPair":{"pubKey":"Bf1X/gOJuyNkUo+dNBmMEd7Jkx9r/jqlCHdLCk+DFQ5g","privKey":"kM4ntxVDGv9qDl8usV98OXj1iHzgrxIEjrJJK8/+v3E="},"lastRemoteEphemeralKey":"BbioO7U4NfBnEIjuoNWcRb+taWjvKvvB6Sm89lFSa3Vv","previousCounter":0,"rootKey":"/F/3ayEHcyHvIJxzTLrr8EPdF9F06A503VbyIO1dbr8="},"indexInfo":{"baseKey":"BU0sG84fV9J0QnQQX2ZD+ht6vYZk2rLMQzXA2EH4oEIl","baseKeyType":1,"closed":-1,"used":1725690289288,"created":1725690289288,"remoteIdentityKey":"BUmgWEeNNAm6wHeDL1ZMVUfMZZJ3ewXLNM3z/avn1Bct"},"_chains":{"Bf1X/gOJuyNkUo+dNBmMEd7Jkx9r/jqlCHdLCk+DFQ5g":{"chainKey":{"counter":4,"key":"lHOM2vwiu3vdOxzELGmNZqP9wP1KJ/x8ekjV3ywiAbc="},"chainType":1,"messageKeys":{}}},"pendingPreKey":{"signedKeyId":1,"baseKey":"BU0sG84fV9J0QnQQX2ZD+ht6vYZk2rLMQzXA2EH4oEIl"}}},"version":"v1"}