{"_sessions":{"BcLeZ4cBjvaNqXsifZ/2KLHJeTCcSBX8ULbzpHeXLokW":{"registrationId":150,"currentRatchet":{"ephemeralKeyPair":{"pubKey":"BfvPyjnJhiBA9pMGbG4PCoVkgmPNEWY8HVDN8akaZo0d","privKey":"KKXVKEsQSNBTtAVhZsIcv1BlhELe9Slyswd4jLhIemo="},"lastRemoteEphemeralKey":"BbbjToyKX3w1vW/Ohqan5RkGGAIt+4EKlRrk8Ky8uClC","previousCounter":0,"rootKey":"BHqcJY86xGRG+8/oS0izHJ+/FmmRgCOO54QBTjVuaH4="},"indexInfo":{"baseKey":"BcLeZ4cBjvaNqXsifZ/2KLHJeTCcSBX8ULbzpHeXLokW","baseKeyType":1,"closed":-1,"used":1725690289351,"created":1725690289351,"remoteIdentityKey":"BYUEFu/TwtA6wDGKuZj06pGmOdmsRVp2493vRiKDScZv"},"_chains":{"BfvPyjnJhiBA9pMGbG4PCoVkgmPNEWY8HVDN8akaZo0d":{"chainKey":{"counter":4,"key":"OYZ0flqdbXzTUAIX1e1edYw80Oz2bsgN4oAaP3fnYFI="},"chainType":1,"messageKeys":{}}},"pendingPreKey":{"signedKeyId":1,"baseKey":"BcLeZ4cBjvaNqXsifZ/2KLHJeTCcSBX8ULbzpHeXLokW"}}},"version":"v1"}