{"_sessions":{"BVo+l1NXhyuwj/kSjVIAlV7V+BnUgVvBXmnXSqHvpOYF":{"registrationId":29,"currentRatchet":{"ephemeralKeyPair":{"pubKey":"BTJ7fb92lav0mccRlTsRr91/RGCSLrA4piFrs9F/b2oY","privKey":"kDUfVfYNSoU9dyCkdIwnH8QjT0Kf1pOGKnGLCD8EKk4="},"lastRemoteEphemeralKey":"BQKu6oM7xAD4o3i+sc62YbAaJvUTMO0FB9uJpQmZTPVw","previousCounter":0,"rootKey":"8kbsq5U8LZeI7p5tf3SLVGLKVp4CIC9yLmZrqK22dGU="},"indexInfo":{"baseKey":"BVo+l1NXhyuwj/kSjVIAlV7V+BnUgVvBXmnXSqHvpOYF","baseKeyType":1,"closed":-1,"used":1725690289382,"created":1725690289382,"remoteIdentityKey":"BdIRtBc9OwlGpO9iFCTMSMojYZU6epA4OqiKtEIEYRdI"},"_chains":{"BTJ7fb92lav0mccRlTsRr91/RGCSLrA4piFrs9F/b2oY":{"chainKey":{"counter":4,"key":"uhTqCay2VgfQuHppCIYAoLi7edjCpiIXhWkA5HTYzoQ="},"chainType":1,"messageKeys":{}}},"pendingPreKey":{"signedKeyId":1,"baseKey":"BVo+l1NXhyuwj/kSjVIAlV7V+BnUgVvBXmnXSqHvpOYF"}}},"version":"v1"}