{"_sessions":{"BSvseeibJOXBtghAKj3whq7SotTckcOoN9Lk6f28KsYR":{"registrationId":286874293,"currentRatchet":{"ephemeralKeyPair":{"pubKey":"BVUrilDY61mHnBJCYNG9EwDrwxQa+R0KvxGQMl0VJ5Ra","privKey":"IJv9P+zzmJJ4CBW7XDdX3Qg5FJzo+Uo9zN0EB8bWc2A="},"lastRemoteEphemeralKey":"Bf8M62ULZiBh2pjv1JnBuXjTxc1Q2upb/D3UbV7s75Jy","previousCounter":0,"rootKey":"jXcepKawz2sLnlJgtHlLiJDZfflYYczO3fgeMrqjY1Y="},"indexInfo":{"baseKey":"BSvseeibJOXBtghAKj3whq7SotTckcOoN9Lk6f28KsYR","baseKeyType":2,"closed":-1,"used":1725707847204,"created":1725707847204,"remoteIdentityKey":"BdoaOeLvq1BaTdWzEnGMMfK668FPBRMsF/1wMTv3Q+Ez"},"_chains":{"Bf8M62ULZiBh2pjv1JnBuXjTxc1Q2upb/D3UbV7s75Jy":{"chainKey":{"counter":29,"key":"i0ho0vJ+bd2bbxayoe0dE6S04ZPisgUbhMCbek+T0nE="},"chainType":2,"messageKeys":{"0":"mjwLeRG9Hq6s3etiVi/1BtZPIBR9JAfC8uB3RQmbyFg=","1":"GxNXp/FM9VmJyM6xSjhY1R0JWUs67qybI3Tz2KcZNck=","2":"9+oXwYEbDHYD0EvSvvKtPa9MEB7tpCrLMjuHE+1/n0U=","3":"nfKFt/d/8JZu5FsxUGbNV4iXPDhMEC7TpGOLbgJ4vlc=","4":"jRIk9bMyMgwRBrcr2G4MaXMXH4URpTdN/RgQHsEagcw="}},"BVUrilDY61mHnBJCYNG9EwDrwxQa+R0KvxGQMl0VJ5Ra":{"chainKey":{"counter":-1,"key":"6SQcNhCTYrO0hkOKo6q9D/3I1gxpF9TE66JzO1lwRTg="},"chainType":1,"messageKeys":{}}}}},"version":"v1"}