{"_sessions":{"BVYcw3X/deofG+ymvQLZg8nSjUSRcr9ad/7Ptg+Y9INA":{"registrationId":12,"currentRatchet":{"ephemeralKeyPair":{"pubKey":"BQrh3d7EZie7CixKmvtWFJJRGMexouyl/b0jamDRum8e","privKey":"KNx8Y6leiFMFsQp+9CYNYRqDiBBly7wLcF7+1bZKAWw="},"lastRemoteEphemeralKey":"BZZGdp0PXe7RDp3CE6tlutO9XnTB/fzxaJz8cMHbokxW","previousCounter":0,"rootKey":"8pAUNKWdt/ZhHc0dpM4Op5QRs3WD7OYoCLVizfeXgak="},"indexInfo":{"baseKey":"BVYcw3X/deofG+ymvQLZg8nSjUSRcr9ad/7Ptg+Y9INA","baseKeyType":1,"closed":-1,"used":1725690289294,"created":1725690289294,"remoteIdentityKey":"BWsRkmGG+1NU1h5sdZYcf1awaL8J3CMHq2IaO0oNwVFC"},"_chains":{"BQrh3d7EZie7CixKmvtWFJJRGMexouyl/b0jamDRum8e":{"chainKey":{"counter":4,"key":"m+Rl5g05SSo8UI5ShCsuq3n1qI/uRkbyCSHkpQAal/M="},"chainType":1,"messageKeys":{}}},"pendingPreKey":{"signedKeyId":1,"baseKey":"BVYcw3X/deofG+ymvQLZg8nSjUSRcr9ad/7Ptg+Y9INA","preKeyId":31}}},"version":"v1"}