{"_sessions":{"BV3R/10d/gBK5TbxqRrnNtmAWw+veYySk2Ad7KDVcOBr":{"registrationId":145,"currentRatchet":{"ephemeralKeyPair":{"pubKey":"BboZa80+VVYwYgN6CqNjraveLVYdHnzep3KoHm4FzXQm","privKey":"gE4RnAh0FAgbvVrMx1zWqR5dS4RdQF+tVofXCmYWnGU="},"lastRemoteEphemeralKey":"BerSTEbuhP7JZSbjcn3chYmkAoXbvXrZ+9z1sPuUA2kl","previousCounter":0,"rootKey":"eiuTEOyBH0GlE9lcifFUJSO7uToe+g3xFX+XPjmnw8A="},"indexInfo":{"baseKey":"BV3R/10d/gBK5TbxqRrnNtmAWw+veYySk2Ad7KDVcOBr","baseKeyType":1,"closed":-1,"used":1725690289315,"created":1725690289315,"remoteIdentityKey":"BeUfm73CLhtx/1yUMzFbhiy/sfHEeKJh5b/rJKB1m2hN"},"_chains":{"BboZa80+VVYwYgN6CqNjraveLVYdHnzep3KoHm4FzXQm":{"chainKey":{"counter":4,"key":"WYGLKrTC5bNp0LdOiYRQ/XcEBkehBTZfXbvCXIEQG3o="},"chainType":1,"messageKeys":{}}},"pendingPreKey":{"signedKeyId":1,"baseKey":"BV3R/10d/gBK5TbxqRrnNtmAWw+veYySk2Ad7KDVcOBr"}}},"version":"v1"}