{"_sessions":{"BXG7NgS4TUxCmlb2BZIk8RxR52Cr/4kb7ftQ9EDrfB8p":{"registrationId":616570646,"currentRatchet":{"ephemeralKeyPair":{"pubKey":"BdGmCYKh0kYGZlYg5zCzojVY4lEJqguo1Qg4p4S8TbZv","privKey":"SMcsWj7tgrpHDuTwQQgTgSvK12OUf67PwlQhsS/WiVM="},"lastRemoteEphemeralKey":"BcZNxIlFLXQRBjbnHIh+24cNKRbcGsV+1dspepCfL4Ux","previousCounter":0,"rootKey":"0FhPBzg4C4IgeXIz4Z/JqRb2MUsGvH4ZIObTC7d6v6M="},"indexInfo":{"baseKey":"BXG7NgS4TUxCmlb2BZIk8RxR52Cr/4kb7ftQ9EDrfB8p","baseKeyType":1,"closed":-1,"used":1725690289347,"created":1725690289347,"remoteIdentityKey":"BYVDDB/xHnzyv4bnDKhWI4HpFYgjADC+p06O7nkyFr0C"},"_chains":{"BdGmCYKh0kYGZlYg5zCzojVY4lEJqguo1Qg4p4S8TbZv":{"chainKey":{"counter":4,"key":"ebw1PFz22RKdKYEZ8SCnyk/kzvrt8HAEMvgh9hY3Vvk="},"chainType":1,"messageKeys":{}}},"pendingPreKey":{"signedKeyId":1,"baseKey":"BXG7NgS4TUxCmlb2BZIk8RxR52Cr/4kb7ftQ9EDrfB8p"}}},"version":"v1"}