{"_sessions":{"BdboTT+iyBH2b07xV5YwxmAT2ZbvBSC3onVasLTHzq4Z":{"registrationId":746421221,"currentRatchet":{"ephemeralKeyPair":{"pubKey":"BcKT5SrMMTvR1oAh6lawskevXykMWej7jK2+MyvI+8w8","privKey":"AFIxaSN+UYI6jTNlckFAX1E5jW+DgCNOcEjKtuvm5GI="},"lastRemoteEphemeralKey":"BZcWEE3CKnuA3mObKlWo9cYj3mRMb7qpNURfStlUNO5W","previousCounter":0,"rootKey":"yR5ZOAHUaapfNC7bXZZFqx6MGkOe4G8apmiYHlweQHo="},"indexInfo":{"baseKey":"BdboTT+iyBH2b07xV5YwxmAT2ZbvBSC3onVasLTHzq4Z","baseKeyType":1,"closed":-1,"used":1725690289395,"created":1725690289395,"remoteIdentityKey":"BYFbL1SJptKSoz+4DjjZbYjIBLIBZZTMVrA7KI8+C4Jy"},"_chains":{"BcKT5SrMMTvR1oAh6lawskevXykMWej7jK2+MyvI+8w8":{"chainKey":{"counter":4,"key":"3enrpCS0a3q6jQefw/Abwq9h0BpJ8Z3IX86APjxZfcY="},"chainType":1,"messageKeys":{}}},"pendingPreKey":{"signedKeyId":1,"baseKey":"BdboTT+iyBH2b07xV5YwxmAT2ZbvBSC3onVasLTHzq4Z","preKeyId":8706879}}},"version":"v1"}