{"_sessions":{"BcHInaSkBZR/T0Xt8siuH0iouVDeAJ85FGpfuLdo5QEG":{"registrationId":1409959322,"currentRatchet":{"ephemeralKeyPair":{"pubKey":"Be8m8Ez/oOFLWa3OdaycXwzKbd1p6HZwxLO4GOVA5ed4","privKey":"0Kx4Bono4oUCyzITx/I+k5DiH+Rn+7FkFiQRPHwFIGs="},"lastRemoteEphemeralKey":"BbDHhhSBfCtT5Ink8G9zeHi/Zk/IPBTdkT1cOmx7aykF","previousCounter":0,"rootKey":"2dHNTDuKv1PtqFdYc64mfwh9WGs9fPKdoWAWqJaOHUc="},"indexInfo":{"baseKey":"BcHInaSkBZR/T0Xt8siuH0iouVDeAJ85FGpfuLdo5QEG","baseKeyType":2,"closed":1725707867856,"used":1725707866945,"created":1725707866945,"remoteIdentityKey":"BUM8Zvz31hIi9GTlBZnfpkuKf0OjHarlH0G2iZCeWDIv"},"_chains":{"BbDHhhSBfCtT5Ink8G9zeHi/Zk/IPBTdkT1cOmx7aykF":{"chainKey":{"counter":1,"key":"8ITnW3WfljX0kjHpmJZXl2vBEkMR/7BZYj91M1RmwlE="},"chainType":2,"messageKeys":{}},"Be8m8Ez/oOFLWa3OdaycXwzKbd1p6HZwxLO4GOVA5ed4":{"chainKey":{"counter":-1,"key":"7gUN4OmNxLj/Shx3FnGxUHzcWm/fKz/rjYh3FQQczjE="},"chainType":1,"messageKeys":{}}}},"Bd2yLTkmEOYSmDgQy7fq1D9YFhUqrrXU8EsCaM273Qw7":{"registrationId":1409959322,"currentRatchet":{"ephemeralKeyPair":{"pubKey":"Bd3r9TGamlEepDnRB0Ex+o9W6tFBBSrS5r2bw8ISwK9y","privKey":"eHECsYNxi1+QpWwa9wmMLUmDuCsh/1F7aR2XWCW20no="},"lastRemoteEphemeralKey":"BYqAwn2bMqHY98FveZFFIqgW7RAxYfpV+4D0Xu4LxnVd","previousCounter":0,"rootKey":"D18bgF1C2k9kRbRkMsK9aA9Vgw5aCcrw+AMKG0ixq7M="},"indexInfo":{"baseKey":"Bd2yLTkmEOYSmDgQy7fq1D9YFhUqrrXU8EsCaM273Qw7","baseKeyType":2,"closed":1725707868757,"used":1725707867860,"created":1725707867860,"remoteIdentityKey":"BUM8Zvz31hIi9GTlBZnfpkuKf0OjHarlH0G2iZCeWDIv"},"_chains":{"BYqAwn2bMqHY98FveZFFIqgW7RAxYfpV+4D0Xu4LxnVd":{"chainKey":{"counter":0,"key":"lfVvWiZSiNbBAipVTHIr83CcLltT0sOEoBCxrJYLpfQ="},"chainType":2,"messageKeys":{}},"Bd3r9TGamlEepDnRB0Ex+o9W6tFBBSrS5r2bw8ISwK9y":{"chainKey":{"counter":-1,"key":"2OwS+4ieAVXaekkzp0pUnl5cB9S7XbjG1tqPmMYr5+Q="},"chainType":1,"messageKeys":{}}}},"BZvv1qM3Z58E6GTrmGcZH9HARaNCelFwv/Kn4YQwFBd/":{"registrationId":1409959322,"currentRatchet":{"ephemeralKeyPair":{"pubKey":"BZtZm0T8Wk3z0lipMqsACJwTXgoNN+P9Cccyz1Uggvkr","privKey":"UDi7tdZwNKu3X2N+mPQerlMZakKbwtYcCYfAz0zaglA="},"lastRemoteEphemeralKey":"BUD/Etm/LR3t8OHY1+W9GPAk+SXmkRPLDI3pYGX6y+hU","previousCounter":0,"rootKey":"sWEagTit4zZanbcbdnMz/NOODFLPBQ/8+vkZdGuLJQg="},"indexInfo":{"baseKey":"BZvv1qM3Z58E6GTrmGcZH9HARaNCelFwv/Kn4YQwFBd/","baseKeyType":2,"closed":1725707869188,"used":1725707868761,"created":1725707868761,"remoteIdentityKey":"BUM8Zvz31hIi9GTlBZnfpkuKf0OjHarlH0G2iZCeWDIv"},"_chains":{"BUD/Etm/LR3t8OHY1+W9GPAk+SXmkRPLDI3pYGX6y+hU":{"chainKey":{"counter":0,"key":"vhNCWjWIKF6eyy6Va21YNjGLAsxW4z32yDBIXt86+Z0="},"chainType":2,"messageKeys":{}},"BZtZm0T8Wk3z0lipMqsACJwTXgoNN+P9Cccyz1Uggvkr":{"chainKey":{"counter":-1,"key":"CtPVPFSah+740w+PsehMyLv34z5sXYheVAaupZ4ySuQ="},"chainType":1,"messageKeys":{}}}},"BQ3wQSpFcSGnr1unnSgzn91qXeLXjVQVo0PYxV8soJkg":{"registrationId":1409959322,"currentRatchet":{"ephemeralKeyPair":{"pubKey":"BRjTy88Gm2pcJ7w84+lRyOJMeO0DU25RTWUUsofz57cO","privKey":"AFS85DgFQ4z/ydOy0/5alt7MlaUx7C6h08abtc0QA1U="},"lastRemoteEphemeralKey":"BaoOzWGRg84fg++UBQdxXBf6nQ3eBiei9tPR7xHXP193","previousCounter":0,"rootKey":"gGHzDtV9Czh+0zXBvA2MlZaEg9iVqK6Mkv2v8QRxP9A="},"indexInfo":{"baseKey":"BQ3wQSpFcSGnr1unnSgzn91qXeLXjVQVo0PYxV8soJkg","baseKeyType":2,"closed":1725707869751,"used":1725707869193,"created":1725707869193,"remoteIdentityKey":"BUM8Zvz31hIi9GTlBZnfpkuKf0OjHarlH0G2iZCeWDIv"},"_chains":{"BaoOzWGRg84fg++UBQdxXBf6nQ3eBiei9tPR7xHXP193":{"chainKey":{"counter":0,"key":"LS0PsxAxH/nFKohZ2Ob8xGT3oCZeBsgMo7ItN9Ou0BA="},"chainType":2,"messageKeys":{}},"BRjTy88Gm2pcJ7w84+lRyOJMeO0DU25RTWUUsofz57cO":{"chainKey":{"counter":-1,"key":"Brk4U8PjCkLGlBIqGYYsJSo+NJghF7iL0cuC8kTHbIM="},"chainType":1,"messageKeys":{}}}},"BSKhnSfXm+U1R/eh+3BiFDSV/gwsS1Lad14tQEftaHgu":{"registrationId":1409959322,"currentRatchet":{"ephemeralKeyPair":{"pubKey":"BVcd4efQzORvUdyXnLvxTAVKcLYLZJNoTHia3jdUKGA+","privKey":"eGgR55rPInSqKbKxHc1kcC9fDjvOPpxqj+cmGyM2LWk="},"lastRemoteEphemeralKey":"BeRpl2IV/W3dPsP+GWG8YT69dT3jTFfuvZAwFKtrbaU0","previousCounter":0,"rootKey":"0YQac/LNCsVd03pYkhx+M6TU2SZbSTy3qRBzwSG1H1A="},"indexInfo":{"baseKey":"BSKhnSfXm+U1R/eh+3BiFDSV/gwsS1Lad14tQEftaHgu","baseKeyType":2,"closed":1725707870234,"used":1725707869755,"created":1725707869755,"remoteIdentityKey":"BUM8Zvz31hIi9GTlBZnfpkuKf0OjHarlH0G2iZCeWDIv"},"_chains":{"BeRpl2IV/W3dPsP+GWG8YT69dT3jTFfuvZAwFKtrbaU0":{"chainKey":{"counter":0,"key":"POafyyQmDV0698CVhL4xpD0hE3fETKqRc7B8H3fhYq8="},"chainType":2,"messageKeys":{}},"BVcd4efQzORvUdyXnLvxTAVKcLYLZJNoTHia3jdUKGA+":{"chainKey":{"counter":-1,"key":"gP46j+lo8aovH2ZvI+GTbdjKnLLBvVsVKiwe5znb2VQ="},"chainType":1,"messageKeys":{}}}},"Bbp6dYcaMnCl3D4xs2xiSQHBNPn+C6303MONkqkvKWpt":{"registrationId":1409959322,"currentRatchet":{"ephemeralKeyPair":{"pubKey":"BeWIEI1/ItzEBu5dCmAAmLlL4dhD/TdTIPOnYKmdlIdU","privKey":"yH5pxT0EIzOZ9j315olKNJuRh4BvMxPiadKmYKUPXk4="},"lastRemoteEphemeralKey":"BV2YBBXpToFg5DuQ8/HpEXyksf4hxkM07kl/R97ZQAtO","previousCounter":0,"rootKey":"xV+kABdEo3OyVxZUQRtQPoSh7D1HEUqjuv3CM8DjA3o="},"indexInfo":{"baseKey":"Bbp6dYcaMnCl3D4xs2xiSQHBNPn+C6303MONkqkvKWpt","baseKeyType":2,"closed":-1,"used":1725707870238,"created":1725707870238,"remoteIdentityKey":"BUM8Zvz31hIi9GTlBZnfpkuKf0OjHarlH0G2iZCeWDIv"},"_chains":{"BV2YBBXpToFg5DuQ8/HpEXyksf4hxkM07kl/R97ZQAtO":{"chainKey":{"counter":4,"key":"PqE9cfF4LSGUFEEqUXYcN7BVGimAjfIyifIoR4yeQt0="},"chainType":2,"messageKeys":{}},"BeWIEI1/ItzEBu5dCmAAmLlL4dhD/TdTIPOnYKmdlIdU":{"chainKey":{"counter":-1,"key":"IjR/ai2Ad8+/ULx8jC1oNOfMyZhSSSfGMzRGiDE/8r0="},"chainType":1,"messageKeys":{}}}}},"version":"v1"}