{"_sessions":{"BfIcWtoTY2EItDWWJ969A0Io4lep21TCzk6XcbAsBLBO":{"registrationId":1245900373,"currentRatchet":{"ephemeralKeyPair":{"pubKey":"BVWYwCP5bdk1f0/w+L/SnFzNlAGwPw6WTpRf7ZOjmqYA","privKey":"8CxrsDbyIWsxPTmLbI8gpDvR0Yi6+PSq8JDP5x5JM2c="},"lastRemoteEphemeralKey":"BXWC0mUgnyW4TMm/X3w8sqfiaWoeOyEceKP4OQ7H82dk","previousCounter":0,"rootKey":"ppH5O0xjP+ISV/2xPLpC/Gguyq3VDlyM1quKkf9uVsU="},"indexInfo":{"baseKey":"BfIcWtoTY2EItDWWJ969A0Io4lep21TCzk6XcbAsBLBO","baseKeyType":2,"closed":-1,"used":1725707847877,"created":1725707847877,"remoteIdentityKey":"BeS1T6jFZPIALZowVLfdQqwyWYgnEkBeHduTiDtebvMo"},"_chains":{"BXWC0mUgnyW4TMm/X3w8sqfiaWoeOyEceKP4OQ7H82dk":{"chainKey":{"counter":13,"key":"TwhN/xxl6Dq11ecCSCTaq9cNUR4Kwjqxt4PlRL4GDck="},"chainType":2,"messageKeys":{"0":"s3yhqhcW2YbYpEWexYKD1UKXqfIdB7gafc1CSEiXQ64=","1":"jp5crrINTlzYuikgZYrbSVKb17jpQIwFdwD1UlKDytc=","2":"9ALPqR3qaBX4Lpom95PcseyG0p252aVpj0p72Uz9eE4=","3":"bn19oHTP1ocFEERttO/Ni14sRkvVw1+m4zUsZpJbaCE=","4":"Ee7t0BvMvb8wrwwG6H4QOvaucyEbGfQJKd/RNKD0Qvk=","5":"httdwDKB0Nh/TsaaYnDNbqh9ShSUFPuYxr8lcylSi9s=","6":"EImYSSSeM9bFqO+tT0yqZzNbHqVJKJcf5YfdVfJJvGQ=","7":"yHJzE6TQIP/lDb1DaBTAYsSAfLZQ+QpqQOUoxa2Km6A=","8":"e88+1JakupzcPPeDwV9CA+ieGRj2Cb/izfplRs7MLsU=","9":"yNiM19v/UXgixhYgKO9j9OCb7/q9ITsxq3BrFoMCzkY=","10":"7YX5oIGYvZ8AHYYqVRx4S6LblXj6vIjRZ0ZJPpbqrOg="}},"BVWYwCP5bdk1f0/w+L/SnFzNlAGwPw6WTpRf7ZOjmqYA":{"chainKey":{"counter":-1,"key":"oRWUOOeeEZSQhJpg/n0MEkH/LTRkQsQCrxqGDtbhoX4="},"chainType":1,"messageKeys":{}}}}},"version":"v1"}