{"_sessions":{"BU1x4DjMvJDTFDIFnWVvVcbTdjUtYY3xdAxHy4DLQZl3":{"registrationId":823450598,"currentRatchet":{"ephemeralKeyPair":{"pubKey":"BUtcLIImpNk8XKUReaedfXmc41l3EUc93KZ6625Gf1wi","privKey":"SONu1p/19458AQOhURdCs3bBjCz+v7RBaKT7vTM8pWo="},"lastRemoteEphemeralKey":"BXPxZPTX4JLqidwft+XsJZp+JZsCv/QMczWzYd2SoWIK","previousCounter":0,"rootKey":"f4aWjkx8fpcCPLT7aOUYBsS7xt3RZwaCSfXnoo2uMIU="},"indexInfo":{"baseKey":"BU1x4DjMvJDTFDIFnWVvVcbTdjUtYY3xdAxHy4DLQZl3","baseKeyType":2,"closed":1725688065825,"used":1725688064897,"created":1725688064897,"remoteIdentityKey":"BYoj0Q7v87nsA/Iby+ngn21yATyLV3N/Z52DDRQb7KVy"},"_chains":{"BXPxZPTX4JLqidwft+XsJZp+JZsCv/QMczWzYd2SoWIK":{"chainKey":{"counter":0,"key":"LV1jINTCYGe860/1smpfVgb5NGMEYCghHToWKoyto2E="},"chainType":2,"messageKeys":{}},"BUtcLIImpNk8XKUReaedfXmc41l3EUc93KZ6625Gf1wi":{"chainKey":{"counter":-1,"key":"H55/8Lfm2A3WvyVZ+lpn6XgeOna6H7OIidsY6NnyCdk="},"chainType":1,"messageKeys":{}}}},"BU4y/5l5GoEJ173J8AGhowjL93vu8r/yg0K1AG/H3gxr":{"registrationId":823450598,"currentRatchet":{"ephemeralKeyPair":{"pubKey":"BdELpRDq6N5/LYMNpL07mAd4p1xmQuH6ssTb0ZpzUDBz","privKey":"sO2Ro7bvxyaERMh8ddgUzyuL7iilxzENSwNynyYvO04="},"lastRemoteEphemeralKey":"BVg3/MNfxfq52gvcup/7E/gwZYaCA7p4ZjD4GsyelXwh","previousCounter":0,"rootKey":"dNd1G/f1ppxUkUwtEqSugVbvG3t6yUlV8dOnSrbBXoY="},"indexInfo":{"baseKey":"BU4y/5l5GoEJ173J8AGhowjL93vu8r/yg0K1AG/H3gxr","baseKeyType":2,"closed":-1,"used":1725688065829,"created":1725688065829,"remoteIdentityKey":"BYoj0Q7v87nsA/Iby+ngn21yATyLV3N/Z52DDRQb7KVy"},"_chains":{"BVg3/MNfxfq52gvcup/7E/gwZYaCA7p4ZjD4GsyelXwh":{"chainKey":{"counter":0,"key":"W7BanA5Kk44iyEL8N51+08DaliV57E4EEjlDDF5Z7I4="},"chainType":2,"messageKeys":{}},"BdELpRDq6N5/LYMNpL07mAd4p1xmQuH6ssTb0ZpzUDBz":{"chainKey":{"counter":-1,"key":"HNAoBgahGVqY86e9HOSaKerOawTjQuVcVIAFdM+Y0qM="},"chainType":1,"messageKeys":{}}}}},"version":"v1"}