{"_sessions":{"BfgMA84R8Wq+YwVJATVjmKhcGqwdXfdp36xpPJ8B78V5":{"registrationId":112,"currentRatchet":{"ephemeralKeyPair":{"pubKey":"BSZ1/enwy7o5j00WIRfR4S/v6ObVlBSRqUAzQYJ3i7VP","privKey":"kMn8hhaymkHmUC45as4TjgPUFnxYw32KenAh9A38n3k="},"lastRemoteEphemeralKey":"BehezfCAEOF0XMmhoWG5lq+nBFPRgcrlDFwpAyrxYzVG","previousCounter":0,"rootKey":"r03xDvfedwaYqzbdmYZChxzjz1uP5LN8syClG71Ss+4="},"indexInfo":{"baseKey":"BfgMA84R8Wq+YwVJATVjmKhcGqwdXfdp36xpPJ8B78V5","baseKeyType":1,"closed":-1,"used":1725690289359,"created":1725690289359,"remoteIdentityKey":"BcodQRGYS0ASrSDrTt2PaL+IkwPLN9tdIdhl8hFANKU9"},"_chains":{"BSZ1/enwy7o5j00WIRfR4S/v6ObVlBSRqUAzQYJ3i7VP":{"chainKey":{"counter":4,"key":"XIOft8bc9aObghAUooHFHOgnOjzhPYTzKO8Rg4NFP8M="},"chainType":1,"messageKeys":{}}},"pendingPreKey":{"signedKeyId":1,"baseKey":"BfgMA84R8Wq+YwVJATVjmKhcGqwdXfdp36xpPJ8B78V5"}}},"version":"v1"}