{"_sessions":{"BT/facKfvmuVPPsKIFnM+K2B9aIBzbciZGg9zj52pR1p":{"registrationId":372740248,"currentRatchet":{"ephemeralKeyPair":{"pubKey":"BXrGtiSV+G3plsmtNVdULVKifsBizNJId3zFasrlzb0E","privKey":"iINIvmFiblQ7Wb6+Uw3vc2Q5K6dKM5cgJ/BGLlaJxGA="},"lastRemoteEphemeralKey":"BTkHTgQQg5gEs/qh9d5YieHjXJaXdnpZWCS4zT2ovTBX","previousCounter":0,"rootKey":"9bqTG1TifpMWMLPe1sx2vVcdTDu8ePM3LyrdNQIgMgE="},"indexInfo":{"baseKey":"BT/facKfvmuVPPsKIFnM+K2B9aIBzbciZGg9zj52pR1p","baseKeyType":2,"closed":-1,"used":1725707847965,"created":1725707847965,"remoteIdentityKey":"Be83+x4JdOsDcmJhoNqHsBKs4tRCgS3trRBBYi25ifhW"},"_chains":{"BTkHTgQQg5gEs/qh9d5YieHjXJaXdnpZWCS4zT2ovTBX":{"chainKey":{"counter":3,"key":"x3k1CnXxdQFS4pwLnbniU+sn6Z/esbN79wSF6lnZgzQ="},"chainType":2,"messageKeys":{"0":"D2JgQ63gAXTsFLz5oaWA4vZ4dTxlIc5x+h1bl9biPDk=","1":"3TriRxlmgOpzIaooJCkIXCR2IXFW9BEHIqgKlfe1xDw="}},"BXrGtiSV+G3plsmtNVdULVKifsBizNJId3zFasrlzb0E":{"chainKey":{"counter":-1,"key":"CIT30s2UsR/BCgK2fdncQtdq5kqa5SMYqztZITcEoK0="},"chainType":1,"messageKeys":{}}}}},"version":"v1"}