{"_sessions":{"Bc0Qxbe006hrOYIVPfpJmAfHYZrgk1HjfgVZZq1lILlx":{"registrationId":10,"currentRatchet":{"ephemeralKeyPair":{"pubKey":"BTYxAUb+NTqZllXphcSuCZrTA6xyWp3e+l44hxCL6mJQ","privKey":"oM82xGEU0mAiZz8dBFRJ4sqvqMREKUnYNJqaO1WEDUY="},"lastRemoteEphemeralKey":"BYuVpqJNKi7qvzfln7siijfSzxP+32yVl7f7KkElFNVJ","previousCounter":0,"rootKey":"FhH7TidbkhM17nS0nXOgYC9IDPXXNxqN/MxvUEnaMqU="},"indexInfo":{"baseKey":"Bc0Qxbe006hrOYIVPfpJmAfHYZrgk1HjfgVZZq1lILlx","baseKeyType":1,"closed":1725707848425,"used":1725690289387,"created":1725690289387,"remoteIdentityKey":"BVva7G3DrbXFssPdFJ6Iiz5whwvfrQ7NH06sOGzUuKsG"},"_chains":{"BTYxAUb+NTqZllXphcSuCZrTA6xyWp3e+l44hxCL6mJQ":{"chainKey":{"counter":4,"key":"ofDqFcmt548moc+DoZB8N4Y8Ee9Ex8t78TU24F4wkFY="},"chainType":1,"messageKeys":{}}},"pendingPreKey":{"signedKeyId":1,"baseKey":"Bc0Qxbe006hrOYIVPfpJmAfHYZrgk1HjfgVZZq1lILlx"}},"Bd6u2bMh2WVHdUaM46dxdzFbj7IbJazvYLPsylPBkZct":{"registrationId":10,"currentRatchet":{"ephemeralKeyPair":{"pubKey":"BQHGNsaBadQ9tIa5QA3mqLfj2hvMPOAB0bsxfnSdKEMF","privKey":"yM5WRxx/Px1Bczwud9c5gORc9GjO9ATR7Cra+D6uuk4="},"lastRemoteEphemeralKey":"BRKkNMUWbgnC5cr/CeBDQZ/wq29kKK2skV5zOtAJzCIx","previousCounter":0,"rootKey":"Usuv+/bF4uy5QkrAbZqpVfhEJPe6XRlc3UEqm2lnGrM="},"indexInfo":{"baseKey":"Bd6u2bMh2WVHdUaM46dxdzFbj7IbJazvYLPsylPBkZct","baseKeyType":2,"closed":-1,"used":1725707848429,"created":1725707848429,"remoteIdentityKey":"BVva7G3DrbXFssPdFJ6Iiz5whwvfrQ7NH06sOGzUuKsG"},"_chains":{"BRKkNMUWbgnC5cr/CeBDQZ/wq29kKK2skV5zOtAJzCIx":{"chainKey":{"counter":1,"key":"y0y56CH6RaNTsTwmWzakf79w5NMurjU/p59biFgikN0="},"chainType":2,"messageKeys":{}},"BQHGNsaBadQ9tIa5QA3mqLfj2hvMPOAB0bsxfnSdKEMF":{"chainKey":{"counter":-1,"key":"x1tbfJo/+LjO+aqyavo2QGHWcQF+nWge2oHviReFTx4="},"chainType":1,"messageKeys":{}}}}},"version":"v1"}