{"_sessions":{"BUU/Vy4bhOVXGm3UJgnKCnWvkVdBd/t+Peg8tS0EjiAB":{"registrationId":934092564,"currentRatchet":{"ephemeralKeyPair":{"pubKey":"BY6/0c6JxbIQqHDktzEOHxfOISRn58NfbF0+OvYHYada","privKey":"kCBASzs7yeuyy6R7BsnzEofTf4awCWGMEsrM77k9yWU="},"lastRemoteEphemeralKey":"Bc17eZybGhEOlaWhtZmKkaX0QUTceVeplpq/CB0ydZlC","previousCounter":4,"rootKey":"I3TG1xFDU78TQhgoiENnEN9yQUIKMugndgzZ49is+n4="},"indexInfo":{"baseKey":"BUU/Vy4bhOVXGm3UJgnKCnWvkVdBd/t+Peg8tS0EjiAB","baseKeyType":1,"closed":-1,"used":1725707848305,"created":1725690289432,"remoteIdentityKey":"BQUtDn3uj01fyRwD44yR4imjx7FHn0q116bXA1t/M10S"},"_chains":{"Bc17eZybGhEOlaWhtZmKkaX0QUTceVeplpq/CB0ydZlC":{"chainKey":{"counter":2,"key":"YptrO0fKrBGEllgkA9zkcTnV1PQALXOmq/sw3Cko+wk="},"chainType":2,"messageKeys":{}},"BY6/0c6JxbIQqHDktzEOHxfOISRn58NfbF0+OvYHYada":{"chainKey":{"counter":-1,"key":"9ZEVMoieLH6Ylx9vr8wqbyvp6DxAgijL8CLDMLklY7Q="},"chainType":1,"messageKeys":{}}}}},"version":"v1"}