{"_sessions":{"BRe/VvA1rIRjd5UMcUavSQYtnwD6Kn7L24pnRZhveZkH":{"registrationId":687589657,"currentRatchet":{"ephemeralKeyPair":{"pubKey":"BREUkFtV3F6omHBoHHtkCqd3j8ZYEIQ6uz0Ro+FmP/UB","privKey":"WCRFphS0ez+m6d/oROJRPmsNN9TVoGFSJM8ul6f24lA="},"lastRemoteEphemeralKey":"Be+eCl0rSrewQNx8IOUbn0C+B8wrxpCi17LTzSyJtRxW","previousCounter":0,"rootKey":"aphY/7Y6kypXYzDpxPh126pKCYMtn1I3V5Pci7SlSzU="},"indexInfo":{"baseKey":"BRe/VvA1rIRjd5UMcUavSQYtnwD6Kn7L24pnRZhveZkH","baseKeyType":2,"closed":-1,"used":1725707845453,"created":1725707845453,"remoteIdentityKey":"BVYXWkwApJwula5NUa8gh5sYWTuwuz0SzlqbJC+E+WVt"},"_chains":{"Be+eCl0rSrewQNx8IOUbn0C+B8wrxpCi17LTzSyJtRxW":{"chainKey":{"counter":29,"key":"ilfk1ewR2vnDMbYUPgErR6gyvw/be2jtTxZc0oG1z8Q="},"chainType":2,"messageKeys":{"0":"F6InEEj9lcvJHwS4p3PJ3rucQCFsYu6m5XofoDK+a0U=","1":"VNHwI21QJKyMhJ3ujOp7X9EzCnTwdRI/LU5LDatpUd0=","2":"IWE753SqDH9QIqZoK8cSAdcLUEf/F4eY2+ifpf9wg44=","3":"NWISm4GCtWqLQFInvFDpYDy046yizqMGF3+LpV4lTyk=","4":"8fIeKYt9z89L6v0R/V3lRl2UiSZWOSOtPBmspaq6xbk=","5":"UayS84+rPJ9+6qUyRFK8Y1JL0mI413EAZMfCmj41L9c=","6":"NftTm33bQwvSSsM6ZibFqf7bVS30SHAHl0oYLSchxmw=","7":"AiuaaEVIC/rlk+M3WpieCCnVAB+3st7OHKEFAze2eQc=","8":"abeMjkbWLeFnVu9PAb9Hm3B9aaYZ1t/1T5SAArdrWBo=","9":"3ShBI3wbBa80FYbD987Mlh2HpaOAhCKwNtp6ZFPgM4U=","10":"HOsnvlvqd9IAbl/AILVFG5l9kAptNw3909IdXJTl2PI=","11":"98b/VoDvgkzQ3Gp9iij3tRxf890lNbalUgMwqB4/kfk=","12":"rvOjXEh5WQeEiiNoahWn9cKTw5mabyZJsf+ChGHWlIY=","13":"k18yAjgSv8yOvZTUtgDWB1lj7q9OobOSSdi6luLj8FY=","14":"iz9DjiFVUuftv92NMhG8X3tIAUBOdpCsTXjv1QTU3U4=","15":"wV9XDDcv+irSILjRelKtdI/voxGqZnLA/I3rIgcL+uA=","16":"u/gGS/5Om2cB3sm5P/mKEE59TgME5WrMyO7vt2Z8KNI=","17":"VVLPBtaxzMOJ+s+k7FucfEAbWfOkshpQtcRAGdOOLf4=","18":"bJ5BGidrEYV11K/jNklBTtDJ+G7NZHADsA1VIUqlND0=","19":"/DZHbZHx2zlVmQQ7VkNT72LXwRrtIrACjKLPSiV8iBU=","20":"fyF9ID5Uy5IrWpdl2JXE1vSciXoFIrw2G4CW9I7fkWQ=","21":"FeelmpcJhVJi8lbabyH1x53dZlAauCZhnD1n+LTCgvY=","22":"w1/NbbhYNIwErqlMo3kVyjKJxVp8Vyd0o42JdqG7sIA=","23":"EyaSlerabU3DWdsUJQijSHsoCMNHETpACWC9uAh58EM=","26":"2fExL+mOSyDNG5wAF9af7aUOl4K2f62DaMW6gY3AqzQ=","27":"pviMhFr7W4dQ5NiOta5lxDyExFoYjF2l6eJaUBSlnlQ="}},"BREUkFtV3F6omHBoHHtkCqd3j8ZYEIQ6uz0Ro+FmP/UB":{"chainKey":{"counter":-1,"key":"qRboefq1h69k5HNWS5TspKXCNeda1N1x7AzwPZATVpk="},"chainType":1,"messageKeys":{}}}}},"version":"v1"}