{"_sessions":{"BR7BlxSf52n4nSFkVj/zP6r48FIvgnTIRZZRbhe+Zswx":{"registrationId":70,"currentRatchet":{"ephemeralKeyPair":{"pubKey":"BRjPA3XOAZWZczYUq0o1Q1+GPGMdAXmmhDhWQQKj3mQc","privKey":"yKcOwqJL57MnDgFOiBnwxXGO2zOXrnpWSBLKWxDS/3U="},"lastRemoteEphemeralKey":"BdBoJnrO51e+b1FM2XaKeUI9mZqgZxTaDnXqRlq8rPhL","previousCounter":0,"rootKey":"EyY8jdv8lUnqcA8D4uSdIprj9tT2sXwWO5glpYFy5yA="},"indexInfo":{"baseKey":"BR7BlxSf52n4nSFkVj/zP6r48FIvgnTIRZZRbhe+Zswx","baseKeyType":1,"closed":-1,"used":1725690289375,"created":1725690289375,"remoteIdentityKey":"BYcCWFNtpwVGXv3bY+uxpS4o8oSuWg8ZhZR4J5TnooF4"},"_chains":{"BRjPA3XOAZWZczYUq0o1Q1+GPGMdAXmmhDhWQQKj3mQc":{"chainKey":{"counter":4,"key":"tQeawPhmfbiV12T8OicT7J+39msAIwuxq4knZ9ppTcQ="},"chainType":1,"messageKeys":{}}},"pendingPreKey":{"signedKeyId":1,"baseKey":"BR7BlxSf52n4nSFkVj/zP6r48FIvgnTIRZZRbhe+Zswx"}}},"version":"v1"}