{"_sessions":{"BSnPoEJwGgpFepjvMze9qPs+yg5PigSMcm90Gep57Bkw":{"registrationId":191,"currentRatchet":{"ephemeralKeyPair":{"pubKey":"BRqWz6XQxRdwj0knxkxMtZMwIfp5N3pYGOqo3S7O9T04","privKey":"mKmsls/01crVwtK1L1GiRMz/HoHKZ+5wnHyUzOVmz3g="},"lastRemoteEphemeralKey":"BasB4KxxlV8hueuXLVSkqi8dLio8+WCeGtKeTHFxbh4H","previousCounter":0,"rootKey":"4hFpzVzTUr3LinmmyoJfzR7kr6glsMGt5FBtuliRNoM="},"indexInfo":{"baseKey":"BSnPoEJwGgpFepjvMze9qPs+yg5PigSMcm90Gep57Bkw","baseKeyType":1,"closed":-1,"used":1725690289341,"created":1725690289341,"remoteIdentityKey":"BVjZi+Hbc8qSYl4oVjnX8Feeg81I6UCHEG/GAQe0US5f"},"_chains":{"BRqWz6XQxRdwj0knxkxMtZMwIfp5N3pYGOqo3S7O9T04":{"chainKey":{"counter":4,"key":"BcJxRrSRV9v8hiBVbmyjdCEhLfy0pXoc9fcORwSTjvo="},"chainType":1,"messageKeys":{}}},"pendingPreKey":{"signedKeyId":1,"baseKey":"BSnPoEJwGgpFepjvMze9qPs+yg5PigSMcm90Gep57Bkw"}}},"version":"v1"}