{"_sessions":{"BX4kfN3JgrHGbsOLcEHvc4SGpB3e2GNpFHtRZp5dE+cZ":{"registrationId":137,"currentRatchet":{"ephemeralKeyPair":{"pubKey":"BcipMZgh+5/G5YonmOv+PgFVewpVE4BV6idHRgO1PQ18","privKey":"aIL15mLlGeOLAw0tWY4WpD2mazEbFUYZ95341LpfXF4="},"lastRemoteEphemeralKey":"BYOTLKG0jHcK9CKYQhAFMMq6Ge5mE+bE0yhJ2ee4JrpX","previousCounter":0,"rootKey":"ymTdAYsHW3Zy0GLmJ9yN/kJS7CQOSCv2EAXCFKfeQdk="},"indexInfo":{"baseKey":"BX4kfN3JgrHGbsOLcEHvc4SGpB3e2GNpFHtRZp5dE+cZ","baseKeyType":1,"closed":-1,"used":1725690289372,"created":1725690289372,"remoteIdentityKey":"BZGnIh+bW0hhC3ExwRcsznZjUAzZSaT0uCKTMfYUP2xf"},"_chains":{"BcipMZgh+5/G5YonmOv+PgFVewpVE4BV6idHRgO1PQ18":{"chainKey":{"counter":4,"key":"iTzc0E75AVN+S0laDVGCHrJ0jLffxc108Kvx8DXLPN0="},"chainType":1,"messageKeys":{}}},"pendingPreKey":{"signedKeyId":1,"baseKey":"BX4kfN3JgrHGbsOLcEHvc4SGpB3e2GNpFHtRZp5dE+cZ"}}},"version":"v1"}