{"_sessions":{"BdARVSVdBZWrYPgynWX9XOYMxWD7RRaFCMGAlV18nLNi":{"registrationId":2062367545,"currentRatchet":{"ephemeralKeyPair":{"pubKey":"BVTeI6peptcRliCVw7hLcmveTn8IQvM9rUA8dpRy80Qc","privKey":"IKVldFWJgvNQfebvHoBZfR1D/kjXKOr0NI77UdzCHEU="},"lastRemoteEphemeralKey":"BZ4vudaXkbhVebrxFhW48Ltkh+y4f8/tNpAAdJ7iLYVh","previousCounter":4,"rootKey":"PnneZfQaUBH1unAO2e+3g7wmGldKHu468tLk0ZG5iTM="},"indexInfo":{"baseKey":"BdARVSVdBZWrYPgynWX9XOYMxWD7RRaFCMGAlV18nLNi","baseKeyType":1,"closed":-1,"used":1725707847882,"created":1725690289407,"remoteIdentityKey":"BdZG/0cPtiBrSjKzldbdsKpeQtVdsjFdxHT5rsaiindw"},"_chains":{"BZ4vudaXkbhVebrxFhW48Ltkh+y4f8/tNpAAdJ7iLYVh":{"chainKey":{"counter":3,"key":"z1OIDxGb6yi49PcVVzDuMV3zUVsEdvYlQOO6RrR88Y8="},"chainType":2,"messageKeys":{"0":"dFYCf3VS5a9otz9sMZXl4SeKlcCM7A3JIi0fhcEO9hc=","2":"G5ykNMJ8jIE8vVLjX5Dlcgx+cc7xnD4z55U5Oh88Q3k="}},"BVTeI6peptcRliCVw7hLcmveTn8IQvM9rUA8dpRy80Qc":{"chainKey":{"counter":-1,"key":"2FXHe85jR7+m5riXMP2Am+69+rrJx0Sqa/JQ1CQJogM="},"chainType":1,"messageKeys":{}}}}},"version":"v1"}