{"_sessions":{"BdUXIJF38BTtoUKGxsWYoh2W6iP/+ehCec/rBqJiV7Q3":{"registrationId":186,"currentRatchet":{"ephemeralKeyPair":{"pubKey":"BXhOl7KGrLEU+rH2scevxnUJAson5fbxepUnsJ6Y42gs","privKey":"cJEbSuHgel+rcNaLAKzHUoctd3+RRpdsoLpmOdjWMUo="},"lastRemoteEphemeralKey":"BVHT5FyZdAjzyobsRYGa6Kbd/+2m6WYbUJ7hvXDLkvBP","previousCounter":0,"rootKey":"5z5vjJWaNA64neujsyN4cGgM6LwCSMb/u0imZZnE0kk="},"indexInfo":{"baseKey":"BdUXIJF38BTtoUKGxsWYoh2W6iP/+ehCec/rBqJiV7Q3","baseKeyType":1,"closed":1725707977189,"used":1725707977147,"created":1725707977147,"remoteIdentityKey":"BUAEghkqqJ9MZqd5OR3k75KXspRkryLKyTxxVrbPqHdR"},"_chains":{"BXhOl7KGrLEU+rH2scevxnUJAson5fbxepUnsJ6Y42gs":{"chainKey":{"counter":0,"key":"yBx6UVH/a9QXvPpnJ1+O9NpnLjHAYxNdT+dDlEUrphs="},"chainType":1,"messageKeys":{}}},"pendingPreKey":{"signedKeyId":1,"baseKey":"BdUXIJF38BTtoUKGxsWYoh2W6iP/+ehCec/rBqJiV7Q3","preKeyId":54}},"BYoBUTNTNFUj79Z0kkYV/zYCACPUJjD+A05fHhU0Q+ZF":{"registrationId":186,"currentRatchet":{"ephemeralKeyPair":{"pubKey":"BdQIwHzIoRg8dDBiXs97dIkIHrVdQu8PHAbk9KFsY5tk","privKey":"IK2ja+mWqUlCPZTkBbmQt0v9Rdp4lK57L0AQxCAU32E="},"lastRemoteEphemeralKey":"BVHT5FyZdAjzyobsRYGa6Kbd/+2m6WYbUJ7hvXDLkvBP","previousCounter":0,"rootKey":"l2IhzORgKohpcB4xWtwod7syLyp9QjmGjU0dcmvP1ZU="},"indexInfo":{"baseKey":"BYoBUTNTNFUj79Z0kkYV/zYCACPUJjD+A05fHhU0Q+ZF","baseKeyType":1,"closed":-1,"used":1725707977182,"created":1725707977182,"remoteIdentityKey":"BUAEghkqqJ9MZqd5OR3k75KXspRkryLKyTxxVrbPqHdR"},"_chains":{"BdQIwHzIoRg8dDBiXs97dIkIHrVdQu8PHAbk9KFsY5tk":{"chainKey":{"counter":5,"key":"pI2X9ZcZI7eOyIyteEIX7xOlK3XmbJSf89LDMbq1Gm0="},"chainType":1,"messageKeys":{}}},"pendingPreKey":{"signedKeyId":1,"baseKey":"BYoBUTNTNFUj79Z0kkYV/zYCACPUJjD+A05fHhU0Q+ZF","preKeyId":47}}},"version":"v1"}