{"_sessions":{"Bbn/il5VlaOXRI3cj4K4Hy1X4wGXR31kPvl9owsSbuBj":{"registrationId":104,"currentRatchet":{"ephemeralKeyPair":{"pubKey":"BbuyPrJMEcMQ/l+Y9EcxzknthB4sOl2XyCOxtWVImnRg","privKey":"CPzew+mbzexsshvaKD3p5HF1WoxobB6c9HN4KJdtE1A="},"lastRemoteEphemeralKey":"BeZi1CB0Xim+W3dBjXRtvArfPPENIHNqIpEsTXelgmQZ","previousCounter":0,"rootKey":"bHedJJuF27BCr5CdFv3CdTvnM9anQiwxBmx/ntSGdP8="},"indexInfo":{"baseKey":"Bbn/il5VlaOXRI3cj4K4Hy1X4wGXR31kPvl9owsSbuBj","baseKeyType":1,"closed":-1,"used":1725690289368,"created":1725690289368,"remoteIdentityKey":"BflIsM8+ioipFTbU5qOqZBALbetEhIIS79i7+c/mo4oT"},"_chains":{"BbuyPrJMEcMQ/l+Y9EcxzknthB4sOl2XyCOxtWVImnRg":{"chainKey":{"counter":4,"key":"j6s2/8K76n5gLwsEA1M9VzULDcsrfZ9z+ibFbE7vOYQ="},"chainType":1,"messageKeys":{}}},"pendingPreKey":{"signedKeyId":1,"baseKey":"Bbn/il5VlaOXRI3cj4K4Hy1X4wGXR31kPvl9owsSbuBj"}}},"version":"v1"}