{"_sessions":{"BWnbCRBqzQcBX3lIN0IMQgVJrkAythNVysUYmj5Lkr5q":{"registrationId":686032252,"currentRatchet":{"ephemeralKeyPair":{"pubKey":"Bdij1KfwG4M+ouvyBPTRvuv2LaqNtUGTixlpSJoaZKZw","privKey":"UMviHxQ0qpTE5PzBI4cb5kh0MryRE19DGPKR6kqtimI="},"lastRemoteEphemeralKey":"BZAcrX9Njp4F/88gUBvfV34cEDzbFsnCD5ApXo1CS7we","previousCounter":4,"rootKey":"6d2hF68E21Am2InO/sG1wUV3owzjuInbxZw7QA5jfvI="},"indexInfo":{"baseKey":"BWnbCRBqzQcBX3lIN0IMQgVJrkAythNVysUYmj5Lkr5q","baseKeyType":1,"closed":1725690343756,"used":1725690339707,"created":1725690289430,"remoteIdentityKey":"BebI/7I5aWw06fxBu3xPxFjD06/+/HVxNOSBdHhtyes0"},"_chains":{"BZAcrX9Njp4F/88gUBvfV34cEDzbFsnCD5ApXo1CS7we":{"chainKey":{"counter":0,"key":"9iTXcaMmMldo+uB+kgFt+kgWiGVlzppShBfzQ2S/DLw="},"chainType":2,"messageKeys":{}},"Bdij1KfwG4M+ouvyBPTRvuv2LaqNtUGTixlpSJoaZKZw":{"chainKey":{"counter":-1,"key":"QLQ4cmrrVcgun8dMQRzaphegQdjP7lI5/usL8Nq/0ts="},"chainType":1,"messageKeys":{}}}},"BaxZDafUW+HYhyQu/5gT/pp0IYv1BaoToTzWobrHPqx4":{"registrationId":686032252,"currentRatchet":{"ephemeralKeyPair":{"pubKey":"BYJMCKhQ7xjcAP8wMfDpjizjr3ZFF9cRBv7rJdbDLoo2","privKey":"kKslcoUWWjviXvgmtvZrgefzPo63cz8RHDn3J9yce3M="},"lastRemoteEphemeralKey":"BUpUYXK98mptCIfkOA/R0dilYXgEosyZVMslRBdBPIIE","previousCounter":0,"rootKey":"zQIr1o/R3IuQn9zxDcLOPM5w3WRKIsm4zHtouyBVl0w="},"indexInfo":{"baseKey":"BaxZDafUW+HYhyQu/5gT/pp0IYv1BaoToTzWobrHPqx4","baseKeyType":2,"closed":-1,"used":1725690343760,"created":1725690343760,"remoteIdentityKey":"BebI/7I5aWw06fxBu3xPxFjD06/+/HVxNOSBdHhtyes0"},"_chains":{"BUpUYXK98mptCIfkOA/R0dilYXgEosyZVMslRBdBPIIE":{"chainKey":{"counter":33,"key":"l0P9NCEy9YBYyPD7850VfrqQwdGNrTMhFJHJ9qEJ+qA="},"chainType":2,"messageKeys":{"29":"atFz2lROujwBoX3KEUT7TxhfbatfgESJUgWn9poHUcw=","30":"er/CAcDEwzTimpPTxqGpnKNo9wHukmFvp3N1ptWrgZs="}},"BYJMCKhQ7xjcAP8wMfDpjizjr3ZFF9cRBv7rJdbDLoo2":{"chainKey":{"counter":-1,"key":"DIUilNEwynIG2o1C2blocArTNrzL0PXxdp5oHWiNBTs="},"chainType":1,"messageKeys":{}}}}},"version":"v1"}