{"_sessions":{"BcoJ3yFCbI5xbqcbYzBl6NS1aPQsraPSkSiSZRTDyIc1":{"registrationId":1499369866,"currentRatchet":{"ephemeralKeyPair":{"pubKey":"BRVIXtNRlTsx68UJHJk+bhzgfWJxexNShZGzn1qfAptR","privKey":"oGBbhm6HjWWn37rw9u+DCs5Yyl/7X8DEz6dne9H2vU4="},"lastRemoteEphemeralKey":"BYf7+tN3eWBnEU+EXQk7DvFf+D/gR+51SUE6l6OfbgJ4","previousCounter":4,"rootKey":"E3QIvQmtEuiHepqzXweXjGF7RNcqlNu7XHIabw2DexI="},"indexInfo":{"baseKey":"BcoJ3yFCbI5xbqcbYzBl6NS1aPQsraPSkSiSZRTDyIc1","baseKeyType":1,"closed":-1,"used":1725707848659,"created":1725690289413,"remoteIdentityKey":"BULfL6RRMmJrk/+GfQRQkQhaBV6+07HTh7IWXeJOE+RB"},"_chains":{"BYf7+tN3eWBnEU+EXQk7DvFf+D/gR+51SUE6l6OfbgJ4":{"chainKey":{"counter":35,"key":"QdzsgmCzT4Hbp8awQkv5FNFvmBwo824gupK2S3Lztf0="},"chainType":2,"messageKeys":{}},"BRVIXtNRlTsx68UJHJk+bhzgfWJxexNShZGzn1qfAptR":{"chainKey":{"counter":-1,"key":"J8e5fa7VkfR9qiAkqpQaikafet1ocuqRGcdRLEW2njg="},"chainType":1,"messageKeys":{}}}}},"version":"v1"}