{"_sessions":{"BXIeeRDelUgukkNKDpbKJZxk/8yY2E6AobJxUsnWoJUs":{"registrationId":2116044744,"currentRatchet":{"ephemeralKeyPair":{"pubKey":"BbdOUG4Dcmjqq9mN4DXUgFmIoesgJLwrUMaXgOcGs4lx","privKey":"qKDG+Serv19qCSvYB1DMgBvkQHM17iKzVEDReFGqR1A="},"lastRemoteEphemeralKey":"BX14JOVz/tBvVrL7DtXKAz39dg5LsZ+z3meeSqsxzE9f","previousCounter":0,"rootKey":"jxaJtDXk23VsNPEfPijDMiUFogL4zSr6XRp5dSSe5Vo="},"indexInfo":{"baseKey":"BXIeeRDelUgukkNKDpbKJZxk/8yY2E6AobJxUsnWoJUs","baseKeyType":1,"closed":-1,"used":1725690289418,"created":1725690289418,"remoteIdentityKey":"BcsB/6zdL/mbAPMqsmJXxvELLJSfuHu/mh0y+MHgeGB9"},"_chains":{"BbdOUG4Dcmjqq9mN4DXUgFmIoesgJLwrUMaXgOcGs4lx":{"chainKey":{"counter":4,"key":"Ae7dJ36ShhUxt/qj+o1R83cqoPqGZ3VgshLfpRy4F9Y="},"chainType":1,"messageKeys":{}}},"pendingPreKey":{"signedKeyId":2,"baseKey":"BXIeeRDelUgukkNKDpbKJZxk/8yY2E6AobJxUsnWoJUs","preKeyId":8081194}}},"version":"v1"}