{"_sessions":{"BZsL4ftaZY9qyHXILNfXgWE/xyZiUb4U7shrZ690w6Rq":{"registrationId":1744711379,"currentRatchet":{"ephemeralKeyPair":{"pubKey":"BUJmlEsN42d/utMbKEWApNAz0N+W4znPzzQ6lRAUkyRp","privKey":"8Ouh/mIcsD6Kg5Hf07kmF6g/Jjj2BOv0lkhLidq6fEU="},"lastRemoteEphemeralKey":"BaU9b39KJbKsiHqtFi/kn9t43r4jjVO6xy+o7WGl+jx5","previousCounter":0,"rootKey":"OHouUfrW4TkyomvZo1PodKT7Lt5Y8DF/WSgBCZNpLdw="},"indexInfo":{"baseKey":"BZsL4ftaZY9qyHXILNfXgWE/xyZiUb4U7shrZ690w6Rq","baseKeyType":1,"closed":1725707977189,"used":1725707977153,"created":1725707977153,"remoteIdentityKey":"Bas7PIqpNT29XwqlaR416IKv71olbonZNDae7awIhMAO"},"_chains":{"BUJmlEsN42d/utMbKEWApNAz0N+W4znPzzQ6lRAUkyRp":{"chainKey":{"counter":0,"key":"IJMWxX5/wQe0XKWTRXVVEEbu3CIigS1/CTRG+XaN5UE="},"chainType":1,"messageKeys":{}}},"pendingPreKey":{"signedKeyId":1,"baseKey":"BZsL4ftaZY9qyHXILNfXgWE/xyZiUb4U7shrZ690w6Rq","preKeyId":404736}},"BRChgB8q2aTV5DL9WJ7yK6Lm75BfHRjm1DOoHfz29rhj":{"registrationId":1744711379,"currentRatchet":{"ephemeralKeyPair":{"pubKey":"BfN4Z1ItGrUojQ9+3LAcv3h2i/ISRs/Kubr4v4xtBj5B","privKey":"KLVz83oA5bsq8Red7zrVpxEbO0evHvePcy82BhUVE1g="},"lastRemoteEphemeralKey":"BaU9b39KJbKsiHqtFi/kn9t43r4jjVO6xy+o7WGl+jx5","previousCounter":0,"rootKey":"nZpg230sIZDSw5COOgs4f7J8Sc7119jZUDVP+o8arLA="},"indexInfo":{"baseKey":"BRChgB8q2aTV5DL9WJ7yK6Lm75BfHRjm1DOoHfz29rhj","baseKeyType":1,"closed":-1,"used":1725707977187,"created":1725707977187,"remoteIdentityKey":"Bas7PIqpNT29XwqlaR416IKv71olbonZNDae7awIhMAO"},"_chains":{"BfN4Z1ItGrUojQ9+3LAcv3h2i/ISRs/Kubr4v4xtBj5B":{"chainKey":{"counter":5,"key":"R8DvrJ+CcuB5+nsu3A6tr1dOS8R2R3GgTj1UJjZDZeo="},"chainType":1,"messageKeys":{}}},"pendingPreKey":{"signedKeyId":1,"baseKey":"BRChgB8q2aTV5DL9WJ7yK6Lm75BfHRjm1DOoHfz29rhj","preKeyId":405294}}},"version":"v1"}