{"_sessions":{"BbDAldwoRVwGx+UBuvSJ6WMWkaYKK/O2nJP6IPeHUtRs":{"registrationId":207,"currentRatchet":{"ephemeralKeyPair":{"pubKey":"BfB6Jpl3wR9yKokwIN62YmFN8V6NONu55+0h2sL4m/19","privKey":"GHPddL+JWBaHPt6eQBehlB2HErvbXvWA0s6aOFI/eXM="},"lastRemoteEphemeralKey":"Bbg6Sjz+8mHZesFHpf2lVHzNWfzbl740zqzVeQ3cLGFQ","previousCounter":0,"rootKey":"VEHl44FwY2Tt2YT+9RA4AyWlLBaBS8jEMKATxlUE0F0="},"indexInfo":{"baseKey":"BbDAldwoRVwGx+UBuvSJ6WMWkaYKK/O2nJP6IPeHUtRs","baseKeyType":1,"closed":-1,"used":1725690289370,"created":1725690289370,"remoteIdentityKey":"BfyJaU5G5iHs+919WXiWSd0wC2WdAsbxAu0aCvGbos58"},"_chains":{"BfB6Jpl3wR9yKokwIN62YmFN8V6NONu55+0h2sL4m/19":{"chainKey":{"counter":4,"key":"VLV8SbASIBh049asEM7PJkzSqvd4n1EiSsioNmzK2MY="},"chainType":1,"messageKeys":{}}},"pendingPreKey":{"signedKeyId":1,"baseKey":"BbDAldwoRVwGx+UBuvSJ6WMWkaYKK/O2nJP6IPeHUtRs"}}},"version":"v1"}