{"_sessions":{"BXEoX2hWrPq9tmRDFUyMxtatGt5OD3e+CAoe70ZsYDlJ":{"registrationId":381920407,"currentRatchet":{"ephemeralKeyPair":{"pubKey":"BVt/QoOdbxQ5PuE3h4slYFiO1q62+ayfUMpUqm/xu0hl","privKey":"0FU0VgaLXvvLfBzH/c8gh8kEa5doT8S0Z+/TkZS+WFA="},"lastRemoteEphemeralKey":"Ba7rVDOXsC2Jb0WpVT6eXLLtA/nqoZJEVqvI6yI4goVg","previousCounter":0,"rootKey":"ok6Erq9VHoTE3SqZ4hw5lvF/UZqH8F9YMhTDs84Mq0o="},"indexInfo":{"baseKey":"BXEoX2hWrPq9tmRDFUyMxtatGt5OD3e+CAoe70ZsYDlJ","baseKeyType":1,"closed":-1,"used":1725690289401,"created":1725690289401,"remoteIdentityKey":"BWDWCLuCjkjdd6yLc8umGTXRN3SwewrWpPA8jo9cJ0oe"},"_chains":{"BVt/QoOdbxQ5PuE3h4slYFiO1q62+ayfUMpUqm/xu0hl":{"chainKey":{"counter":4,"key":"M3OkL2OowbzM6pJOi2LalKjjMRVW+9JS1h2v2mnQJiA="},"chainType":1,"messageKeys":{}}},"pendingPreKey":{"signedKeyId":0,"baseKey":"BXEoX2hWrPq9tmRDFUyMxtatGt5OD3e+CAoe70ZsYDlJ","preKeyId":11455259}}},"version":"v1"}