{"_sessions":{"BdsH8oC4FX/9gXikO9qgZIYm6Gs9MZ55Q4rN3IMsTSZe":{"registrationId":105,"currentRatchet":{"ephemeralKeyPair":{"pubKey":"BRnCCYSCc6LOFCDfLhH3521MhW1c1/6BArPmV9bBg0wK","privKey":"iFXVaCBjJLljWWL3eNNcD3bs8+/U0ING+kqk5eOaJm4="},"lastRemoteEphemeralKey":"BbkmLoACE6qpRLPuK7n3xrQKRX069BVyOYwHGfkboD1Q","previousCounter":0,"rootKey":"C7Rk0240euH/CDTZeKgiseqZZhCWQR574S4Tt/wRxmk="},"indexInfo":{"baseKey":"BdsH8oC4FX/9gXikO9qgZIYm6Gs9MZ55Q4rN3IMsTSZe","baseKeyType":1,"closed":-1,"used":1725690289333,"created":1725690289333,"remoteIdentityKey":"BegoKs4Rwq+G/R602ZD0KObK7aXhSw/gr0w1TVa9yM83"},"_chains":{"BRnCCYSCc6LOFCDfLhH3521MhW1c1/6BArPmV9bBg0wK":{"chainKey":{"counter":4,"key":"eP0TB0sM1mKdBqOKyYThRTUnqepKcfgzoxjvOIFxM8I="},"chainType":1,"messageKeys":{}}},"pendingPreKey":{"signedKeyId":1,"baseKey":"BdsH8oC4FX/9gXikO9qgZIYm6Gs9MZ55Q4rN3IMsTSZe"}}},"version":"v1"}