{"_sessions":{"BbyAq0F8R81jdBdv1ccJYZEWA68ZFSR5rZ9oYZIabrkH":{"registrationId":1026330032,"currentRatchet":{"ephemeralKeyPair":{"pubKey":"BWmvzbydNGdsFJxRxkyl0rE6scbQSBfYqqu3eZ84vzIx","privKey":"WHwpEikzOwgBQYXvuXmt1wyD7J5jlT5XllSXf+ohI2k="},"lastRemoteEphemeralKey":"BZScFRu1EvzL3U1zv4gmQvXtjtDmQd91G4gIHYl61ug1","previousCounter":0,"rootKey":"KkZ4ON1j4X5cOavisOe2pcxfHsZxzxtfazQ3uwu6mPc="},"indexInfo":{"baseKey":"BbyAq0F8R81jdBdv1ccJYZEWA68ZFSR5rZ9oYZIabrkH","baseKeyType":2,"closed":-1,"used":1725707869870,"created":1725707869870,"remoteIdentityKey":"BULtMnhKHB1j4BkwF1x0yKVkSI8eGuAQtufOETpHXycd"},"_chains":{"BZScFRu1EvzL3U1zv4gmQvXtjtDmQd91G4gIHYl61ug1":{"chainKey":{"counter":1,"key":"LLPWcdvml77Dz1empHQso4mCGDELLhXZbLmeMBgjW7s="},"chainType":2,"messageKeys":{}},"BWmvzbydNGdsFJxRxkyl0rE6scbQSBfYqqu3eZ84vzIx":{"chainKey":{"counter":-1,"key":"ujqCESUyP2wNctmQtzgf/weux2ePorBXv5z0MnSH25Q="},"chainType":1,"messageKeys":{}}}}},"version":"v1"}