{"_sessions":{"BTQgIosj6PFlYTot5d2dyDst+Ysm0Le8Y/8B0pdCgHUG":{"registrationId":101,"currentRatchet":{"ephemeralKeyPair":{"pubKey":"BTbWJOuwxYZhY4PWcmbeLyGuu41yw0FGHjAHTq0IYGZ1","privKey":"mBwNIhw4sVKO+EXncZSgOqB0/qGB4y8SXFyFNUuKBl0="},"lastRemoteEphemeralKey":"BTc37qeu9+8GLM5jgdi4dp0Zppm8WVpjvgSUfAiYtnsU","previousCounter":0,"rootKey":"06ouv3veHofStbWAe3q6KBJrKTUAtu4xQB6NrCReqqI="},"indexInfo":{"baseKey":"BTQgIosj6PFlYTot5d2dyDst+Ysm0Le8Y/8B0pdCgHUG","baseKeyType":1,"closed":-1,"used":1725690289308,"created":1725690289308,"remoteIdentityKey":"BZZhcWqmPFzE4qpSCrq6t+ChlefgArUiOlE35hyvFOhI"},"_chains":{"BTbWJOuwxYZhY4PWcmbeLyGuu41yw0FGHjAHTq0IYGZ1":{"chainKey":{"counter":4,"key":"XNDp7My+EWvZ21SAJ6p3EeIUJtO9s+b3pLMoLXbzsf4="},"chainType":1,"messageKeys":{}}},"pendingPreKey":{"signedKeyId":1,"baseKey":"BTQgIosj6PFlYTot5d2dyDst+Ysm0Le8Y/8B0pdCgHUG"}}},"version":"v1"}