{"_sessions":{"BXbdo7IxJzZ77eya462YvRap8Jmgi9u/Jj7yXVC9RMcG":{"registrationId":111921631,"currentRatchet":{"ephemeralKeyPair":{"pubKey":"BUK+BaEcTYCLS3LTiVRGCC1qKrrD15Eu743FhrcniDxO","privKey":"UFS+dKGzoXoZmtadPrDD0Rou8ZF2xOtjopSGVRh1KXY="},"lastRemoteEphemeralKey":"BYJmIr7ImhL/w7cFjJDDX5h+XW79O2L+hOEsiuMRAeUR","previousCounter":4,"rootKey":"1Cd1Bv1oT5OLEtWsPGz8XSvR90k4LlmbwPRgT4nSeds="},"indexInfo":{"baseKey":"BXbdo7IxJzZ77eya462YvRap8Jmgi9u/Jj7yXVC9RMcG","baseKeyType":2,"closed":-1,"used":1725707845704,"created":1725688056793,"remoteIdentityKey":"BTJVr627hUWZia4YAmTwnsS4Mrw/pGkcNHCvaBsO/M91"},"_chains":{"BTwNa0zoCSvryBF5uIOIS53QqDrERZCedg5MRfUsAOha":{"chainKey":{"counter":3},"chainType":2,"messageKeys":{"0":"DshGMoSw7jqx+VCiVdxy1Rp3g0dNRkzJWfzrDAUiP0k=","1":"h7x7d1NilJ6RMB7JOfdRnNQ+pJq/TNgHbMdG4uLLkQc="}},"BYJmIr7ImhL/w7cFjJDDX5h+XW79O2L+hOEsiuMRAeUR":{"chainKey":{"counter":0,"key":"ZVv5X+FaVZ5zgbFfUm0vac5SlJMCXSlCpE6cNMxgjOw="},"chainType":2,"messageKeys":{}},"BUK+BaEcTYCLS3LTiVRGCC1qKrrD15Eu743FhrcniDxO":{"chainKey":{"counter":-1,"key":"FPvpiWAQnXyXYWm8PF7Dacn8FzOoSnlr9g5946FYLFg="},"chainType":1,"messageKeys":{}}}}},"version":"v1"}