{"_sessions":{"BZwOyWI9z2FlVqJwi9DzLI3YW56FxvQNdKTm4CHEiVRA":{"registrationId":141,"currentRatchet":{"ephemeralKeyPair":{"pubKey":"BVA1HuMMOUahm9OSGq6v6+jC0QKuyfPSW8RWYRQ9MnYM","privKey":"8AK6vZm8onenX4ReX605TPNjd6CS4ur8Cgy+z73cHEw="},"lastRemoteEphemeralKey":"BUBYJUEwyWwoVwk3imiKwkuTVwD5VfGjU/a6yBd25Yd5","previousCounter":0,"rootKey":"smvyqSTVRNCalCUeJ6XHJN3FcysvE07h/irhGdUqKdQ="},"indexInfo":{"baseKey":"BZwOyWI9z2FlVqJwi9DzLI3YW56FxvQNdKTm4CHEiVRA","baseKeyType":1,"closed":-1,"used":1725690289365,"created":1725690289365,"remoteIdentityKey":"BWNNUYFR467NW8txUZCM37NiDp51Q+KBZ1LSi03hdPg5"},"_chains":{"BVA1HuMMOUahm9OSGq6v6+jC0QKuyfPSW8RWYRQ9MnYM":{"chainKey":{"counter":4,"key":"1oVwGMYkzuLawokd3FHyvaFpOPlR1adzAn9IxQcT2zE="},"chainType":1,"messageKeys":{}}},"pendingPreKey":{"signedKeyId":1,"baseKey":"BZwOyWI9z2FlVqJwi9DzLI3YW56FxvQNdKTm4CHEiVRA","preKeyId":2158}}},"version":"v1"}