{"_sessions":{"BQiRYzsrwTfGPAkGIccfqDkzfbmEjuIk+27Tg1c2N/cL":{"registrationId":1523382668,"currentRatchet":{"ephemeralKeyPair":{"pubKey":"BV9ebTQxFl3iQv0PTse2H43U9GT4Io9SRBv/J82JDfdL","privKey":"EImpkJw0HC0Ca/q8saXEjFF2wtpqQpzjr4cH2JFAMHo="},"lastRemoteEphemeralKey":"BWq3TGiVRdFjUo1zA2pOa+GTYPPTygbgqsbz/2rivadQ","previousCounter":4,"rootKey":"IZk/iN/sh1MXCAGcEEvctDwtdb7pRG8bEjZi3yFAI2o="},"indexInfo":{"baseKey":"BQiRYzsrwTfGPAkGIccfqDkzfbmEjuIk+27Tg1c2N/cL","baseKeyType":1,"closed":-1,"used":1725707848253,"created":1725690289421,"remoteIdentityKey":"BX8Bz4cxpXUF3e1w2iyDwltmkBTnuyDJQoKZ5ug/DXJ1"},"_chains":{"BWq3TGiVRdFjUo1zA2pOa+GTYPPTygbgqsbz/2rivadQ":{"chainKey":{"counter":1,"key":"ipUxADwFepCen/+MiqNiVi5NcIDZVPNTdVjzCpFE3X8="},"chainType":2,"messageKeys":{}},"BV9ebTQxFl3iQv0PTse2H43U9GT4Io9SRBv/J82JDfdL":{"chainKey":{"counter":-1,"key":"myaHikjErp9upYgFbmfAAEjqm+lbcoyOfv+ZXQQ4kfs="},"chainType":1,"messageKeys":{}}}}},"version":"v1"}