{"_sessions":{"BcpBXE0cw9No2sT8b0TNG+WuaMqGF/BR5FWGY1l2iNsJ":{"registrationId":1152927643,"currentRatchet":{"ephemeralKeyPair":{"pubKey":"BTQwiFXrCXXz+jmg1AntmaMdpuWwX5v/mkL7e2tx9Jds","privKey":"AC/xskmnk/yIBJleeODPp8u9rafxjQ0K6ymOyDRom3Q="},"lastRemoteEphemeralKey":"Bff52afgpecZTV1xmXc3Gp4h1Sz0heV/LrVROOxUmA8i","previousCounter":1,"rootKey":"Q3uiqDXUwmEQVUNWBZPbt7sqmWZuvAsUHPLDMguBVEc="},"indexInfo":{"baseKey":"BcpBXE0cw9No2sT8b0TNG+WuaMqGF/BR5FWGY1l2iNsJ","baseKeyType":2,"closed":-1,"used":1725691040518,"created":1725688756057,"remoteIdentityKey":"BQQgmv8PMgFe6nB5iuJtt8DTet7FGVQHqE1liPSVL2pn"},"_chains":{"BXTY9BglmoTzhMzxvlh+NZi2Fnzf0dWDg6RVRCSTW6Zr":{"chainKey":{"counter":0},"chainType":2,"messageKeys":{}},"Ba8CcU1+V/yBamMAGo/c5xcihCbsNteFwsUEr2KOeWgB":{"chainKey":{"counter":0},"chainType":2,"messageKeys":{}},"BYAJ+0YEebxkeTt6EEk7tT8Nen8vTUGBMBBifVHbwRBL":{"chainKey":{"counter":0},"chainType":2,"messageKeys":{}},"Bajcjgj1axuglrS5Et4sqQF6p9DtTW2sLinSQbPszeZy":{"chainKey":{"counter":2},"chainType":2,"messageKeys":{"1":"fXbG7eUd31GIBDb4o2SFwzkIB7RkEPp7TCiZg8lrnwk="}},"BbwW73Rku9TnEKsy4oElyQapUEq5qeOqJaVl5XePi+hn":{"chainKey":{"counter":69},"chainType":2,"messageKeys":{"34":"lPNQ7WSz6WfC9ycfDkc06lTRrGm86uZoIO8X0UQwXpw=","35":"NYq+paWNj+KasgINEPWO0wma3160C/E9rF7dY6X6vFU=","36":"eUpSH+/lqb2DTDE/1o462g/cC9sPeB+1jG2UHW68/H4="}},"BX1PA52+srP895P4I8FdV/xDdtQp0ZlmqsYU6cX6PKp7":{"chainKey":{"counter":0},"chainType":2,"messageKeys":{}},"BTLR2jTrs/X72l9281k/BikeLNTaz+CoxOFQNfSBpp5p":{"chainKey":{"counter":0},"chainType":2,"messageKeys":{}},"BcK0IEmmgQioH9AggXH4bfz+fXja892FSBjkUCXMnkZT":{"chainKey":{"counter":0},"chainType":2,"messageKeys":{}},"BV3XIYXKTKMw+A7b3wk5SV9fFBP5MmQR/aTz5VMJI6N2":{"chainKey":{"counter":0},"chainType":2,"messageKeys":{}},"BSvwxwuJxcZQ09A3wN5vL8eXxukvYp19/lzB9JGHM3EY":{"chainKey":{"counter":0},"chainType":2,"messageKeys":{}},"BTlFxJWOvtg3MxwlhUA9+aF0VmS9Zm9PD/Kc1MNgXsB+":{"chainKey":{"counter":0},"chainType":2,"messageKeys":{}},"BRh5nSVZLCK3mQQKbTEmEs6QbVvkUlI8znLAF1wa5rp+":{"chainKey":{"counter":0},"chainType":2,"messageKeys":{}},"BYGip3lV34I+3lWmQvjvXQjDTOKCIwAfqKWgc3WICipd":{"chainKey":{"counter":0},"chainType":2,"messageKeys":{}},"BaBK2GGwpZHzjp4o4ICUbSm2A+Sp/UquR3jJ4Q6g2dwS":{"chainKey":{"counter":0},"chainType":2,"messageKeys":{}},"BSqCoZSqDLcUMKbkL5+vEAHoMMCHbIx4DK909t7LjJtJ":{"chainKey":{"counter":0},"chainType":2,"messageKeys":{}},"BVgCI3+OFCKLT+8oEaqC1PoaiqggnVKF4zSdD7Ipx3ko":{"chainKey":{"counter":1},"chainType":2,"messageKeys":{}},"BeW9pR/lrv/K64AAo2PlUKSthlDnAQngM/MFn7REeNAB":{"chainKey":{"counter":2},"chainType":2,"messageKeys":{}},"BVq02yxUa9eANOw4UeZa28+Vvm2JQmHwuDROtKFthDRR":{"chainKey":{"counter":4},"chainType":2,"messageKeys":{"0":"MT/Z52ScIIPQsOuVZJT3kQOYh/+FNCCMNJFjxMigPRA=","1":"ZVNfiSOgyRCSXw7j6qTtD4ffhGL9sGXq3eEDiSG1RIs="}},"BfLuaAGg1YhBa3ksVSjiUQVDybb0r7uitOcdmZJfhjQb":{"chainKey":{"counter":0},"chainType":2,"messageKeys":{}},"BSIr0PGKJXKGAQOtZLWpWUn9MbJpLvOLBP5ebDjPZNpb":{"chainKey":{"counter":1},"chainType":2,"messageKeys":{}},"Bbv/SpPUvvFOJQHsYiU6RGuOcLU+QgDTtfu3exfp0sJI":{"chainKey":{"counter":0},"chainType":2,"messageKeys":{}},"BWu9pAghxmYedDDCFqnW3X2EE6o1kL2uuodn69OW82w+":{"chainKey":{"counter":0},"chainType":2,"messageKeys":{}},"BZ+MXmru2L6dJVKvqC+ED9MKyhP67OTaeS20CAAlBEVN":{"chainKey":{"counter":0},"chainType":2,"messageKeys":{}},"BUDJvV+GXXl4IO5H9lGogp1uVO75CKPrPWeTrpAY4pxC":{"chainKey":{"counter":0},"chainType":2,"messageKeys":{}},"BZp8NK3fbxaLDZ5oT565Il4EZUEeO0yw7+J6Ek9VPnkc":{"chainKey":{"counter":0},"chainType":2,"messageKeys":{}},"Bf0yrZ6HL3hbit7RfMFUydM8nnuXZ0Copv8qcjzl9kxo":{"chainKey":{"counter":0},"chainType":2,"messageKeys":{}},"BVu5HfMQ+kdrLgH+wjQhYmGYapp3ODIr5aGHzpD09cRv":{"chainKey":{"counter":0},"chainType":2,"messageKeys":{}},"BebvhKjveh+YQ5ggp4ZtOdy49179M6er3jrWX5Fm/1o2":{"chainKey":{"counter":0},"chainType":2,"messageKeys":{}},"BVJeg2Ha8ssyz4OWXZyWXjn1i1oJXgIFGuoOlXNrRzk6":{"chainKey":{"counter":0},"chainType":2,"messageKeys":{}},"BfqY39cpzhgeVfKnk5Bm3O4eCqJcoMS54QH20gpFTtMG":{"chainKey":{"counter":0},"chainType":2,"messageKeys":{}},"BSLLT3cvn0CIidEd9mh43EUZhqtSTU35k8bCCRHsoQoX":{"chainKey":{"counter":0},"chainType":2,"messageKeys":{}},"BY3U9qD0CJIldHZfvgaFmTXa1NEWgASawwBQr1ZZqzIX":{"chainKey":{"counter":0},"chainType":2,"messageKeys":{}},"Bff52afgpecZTV1xmXc3Gp4h1Sz0heV/LrVROOxUmA8i":{"chainKey":{"counter":1,"key":"X+JxN7U7Gbzn5fJP433QzKvAKgHCiiUwgC8TcpZqM1E="},"chainType":2,"messageKeys":{}},"BTQwiFXrCXXz+jmg1AntmaMdpuWwX5v/mkL7e2tx9Jds":{"chainKey":{"counter":-1,"key":"j98357TFimLB6TdO1UvS3IHEyl2021O4XXXp5s97Wgs="},"chainType":1,"messageKeys":{}}}}},"version":"v1"}