{"_sessions":{"BZj8MxjZxUJS92mCRwNLMK2tLjHmZXm7uxCeDXnDYJFz":{"registrationId":62,"currentRatchet":{"ephemeralKeyPair":{"pubKey":"BVQyn54BQmQzf2NdSt3o5TEOaInKXjr0tFPLUc85MhIB","privKey":"wIN25D1dERgBi5xtWrsx5xyuXn6hWRmmRKUXdZdLhkQ="},"lastRemoteEphemeralKey":"BZRoV1f4y2pzKzsdCv58t29UY4WWAZdGwHWgJ/ge02F3","previousCounter":0,"rootKey":"BpXDhQo3N+sCm8PKyqIuhdzzYplcMME3kjC8EHbpSwI="},"indexInfo":{"baseKey":"BZj8MxjZxUJS92mCRwNLMK2tLjHmZXm7uxCeDXnDYJFz","baseKeyType":1,"closed":-1,"used":1725690289357,"created":1725690289357,"remoteIdentityKey":"BRQGkLqJDx1xM7Q4dy+kUuyC/DVel4rzT48kNXD7WPcc"},"_chains":{"BVQyn54BQmQzf2NdSt3o5TEOaInKXjr0tFPLUc85MhIB":{"chainKey":{"counter":4,"key":"/CJTWAAVdzxJ8qE61Usv76FoKtc9wXgLuammpEeqYDA="},"chainType":1,"messageKeys":{}}},"pendingPreKey":{"signedKeyId":1,"baseKey":"BZj8MxjZxUJS92mCRwNLMK2tLjHmZXm7uxCeDXnDYJFz"}}},"version":"v1"}